Title,Singer,Composer,Lyricist,album,year,Lyrics,metaphor,source,target,interpretation
අඩවන්‌ වූ දෙනෙතින්‌ ගලනා,අමරදේව ඩබ්ලිව් ඩී,නොදනී,ඩබ්ලිව් ඒ අබේසිංහ,වසන්ත ගීතය,2000,"අඩවන්‌ වූ දෙනෙතින්‌ ගලනා
මෙත්‌ මුදිතා කරුණා ධාරා...//)

(තෙමා තෙමා හද ගලාංගලා යන
ලොව්තුරු ගුණ මහිමේ...//)
මහමෙවුනා උයනේ

සමාධි බුදු පිළිමේ

අඩවන්‌ වූ දෙනෙතින....

පිරී ඉතිරී යන මහ වචනුරක්‌ සේ

ගලා හැලෙන සිහිලැල්‌ ගඟුලක්‌ සේ
ගිමන්‌ නිවාලන මේ භව කතරේ
නිවන්‌ සදාලන බුදු ගුණ මහිමේ
(මහමෙවුනා උයනේ

සමාධි බුදු පිළිමේ...//)

අඩවන්‌ වූ දෙනෙතින.....//",පිරී ඉතිරී යන මහ වතුරක්‌ සේ,මහ වතුර,බුදු ගුණ,ලොවට සශ්‍රිකත්වය සෞභාග්‍ය ගෙන එන බුදු ගුණ
අඩවන්‌ වූ දෙනෙතින්‌ ගලනා,අමරදේව ඩබ්ලිව් ඩී,නොදනී,ඩබ්ලිව් ඒ අබේසිංහ,වසන්ත ගීතය,2000,"අඩවන්‌ වූ දෙනෙතින්‌ ගලනා
මෙත්‌ මුදිතා කරුණා ධාරා...//)

(තෙමා තෙමා හද ගලාංගලා යන
ලොව්තුරු ගුණ මහිමේ...//)
මහමෙවුනා උයනේ

සමාධි බුදු පිළිමේ

අඩවන්‌ වූ දෙනෙතින....

පිරී ඉතිරී යන මහ වචනුරක්‌ සේ

ගලා හැලෙන සිහිලැල්‌ ගඟුලක්‌ සේ
ගිමන්‌ නිවාලන මේ භව කතරේ
නිවන්‌ සදාලන බුදු ගුණ මහිමේ
(මහමෙවුනා උයනේ

සමාධි බුදු පිළිමේ...//)

අඩවන්‌ වූ දෙනෙතින.....//",ගලා හැලෙන සිහිලැල්‌ ගඟුලක්‌ සේ,සිහිලැල්‌ ගඟුල,බුදු ගුණ,ලොවට සැනසීම ගෙන එන බුදු ගුණ 
දෑතේ කරගැට,අමරදේව ඩබ්ලිව් ඩී,අමරදේව ඩබ්ලිව් ඩී,මහගමසේකර,වැලි තල තරේ,2002,"දෑනේ කරගැට සිඹ සනසන්න්ට
ළා ගොයමේ දළු පචන්‌ සලයි
දහඩිය මුතූ කැට මල්‌ වරුසා වී
කරල්‌ බරින්‌ පීදී වැගිරෙයි

අඩ සද මෝරන මැදියම්‌ අහසින්‌
බිළිදු හදට කිරි දියර ගලයි

හෙට ඉදිවන නව ලෝකය දැක දැක
පුංචි පුතා ගභීනෙන්‌ හින හෙයි

දහසක්‌ වැව්‌ බැදි යෝධ මිනිස්‌ කැල
යළි ඉපදී ඇති ලක්‌ දෙරණේ

සත්‌ රුවණින්‌ නව නිදහන්‌ මතුවී
පුතුගෙ සිනාවෙනි ඔප වැටුනේ

දෑසේ කදුලැල්‌ පිසදා බලනෙමි

හෙට ගිරු එළියට වඩින දිනේ

ණය නැති බිය නැති නිවහල්‌ යුගයක
පුංචි පුතා රජ කරනු පෙනේ

මා ගත වෙහෙසට ආදරයෙන්‌ දිය
ලල්පත පාදන පුංචි පුතූන්‌

ඒ ගත වෙහෙසම සතුටක්‌ වේ මට
ඔබ සිහි වන විට පුංචි පුතුන්‌

දෙදහස්‌ පන්සිය වසරක්‌ තිස්සේ
මා දුටු සිහිනය පුංචි පුතුන්‌

ඔබ හට ලොකය ඉදි කර දී මිස
යා නොහැකිය මට පුංචි පුතූන්‌
දෑනේ කරගැට සිඹ සනසන්න්ට
ළා ගොයමේ දළු පචන්‌ සලයි
දහඩිය මුතූ කැට මල්‌ වරුසා වී
කරල්‌ බරින්‌ පීදී වැගිරෙයි

අඩ සද මෝරන මැදියම්‌ අහසින්‌
බිළිදු හදට කිරි දියර ගලයි

හෙට ඉදිවන නව ලෝකය දැක දැක
පුංචි පුතා ගභීනෙන්‌ හින හෙයි

දහසක්‌ වැව්‌ බැදි යෝධ මිනිස්‌ කැල
යළි ඉපදී ඇති ලක්‌ දෙරණේ

සත්‌ රුවණින්‌ නව නිදහන්‌ මතුවී
පුතුගෙ සිනාවෙනි ඔප වැටුනේ

දෑසේ කදුලැල්‌ පිසදා බලනෙමි

හෙට ගිරු එළියට වඩින දිනේ

ණය නැති බිය නැති නිවහල්‌ යුගයක
පුංචි පුතා රජ කරනු පෙනේ

මා ගත වෙහෙසට ආදරයෙන්‌ දිය
ලල්පත පාදන පුංචි පුතූන්‌

ඒ ගත වෙහෙසම සතුටක්‌ වේ මට
ඔබ සිහි වන විට පුංචි පුතුන්‌

දෙදහස්‌ පන්සිය වසරක්‌ තිස්සේ
මා දුටු සිහිනය පුංචි පුතුන්‌

ඔබ හට ලොකය ඉදි කර දී මිස
යා නොහැකිය මට පුංචි පුතූන්‌
දෑනේ කරගැට සිඹ සනසන්න්ට
ළා ගොයමේ දළු පචන්‌ සලයි
දහඩිය මුතූ කැට මල්‌ වරුසා වී
කරල්‌ බරින්‌ පීදී වැගිරෙයි

අඩ සද මෝරන මැදියම්‌ අහසින්‌
බිළිදු හදට කිරි දියර ගලයි

හෙට ඉදිවන නව ලෝකය දැක දැක
පුංචි පුතා ගභීනෙන්‌ හින හෙයි

දහසක්‌ වැව්‌ බැදි යෝධ මිනිස්‌ කැල
යළි ඉපදී ඇති ලක්‌ දෙරණේ

සත්‌ රුවණින්‌ නව නිදහන්‌ මතුවී
පුතුගෙ සිනාවෙනි ඔප වැටුනේ

දෑසේ කදුලැල්‌ පිසදා බලනෙමි

හෙට ගිරු එළියට වඩින දිනේ

ණය නැති බිය නැති නිවහල්‌ යුගයක
පුංචි පුතා රජ කරනු පෙනේ

මා ගත වෙහෙසට ආදරයෙන්‌ දිය
ලල්පත පාදන පුංචි පුතූන්‌

ඒ ගත වෙහෙසම සතුටක්‌ වේ මට
ඔබ සිහි වන විට පුංචි පුතුන්‌

දෙදහස්‌ පන්සිය වසරක්‌ තිස්සේ
මා දුටු සිහිනය පුංචි පුතුන්‌

ඔබ හට ලොකය ඉදි කර දී මිස
යා නොහැකිය මට පුංචි පුතූන්‌
දෑනේ කරගැට සිඹ සනසන්න්ට
ළා ගොයමේ දළු පචන්‌ සලයි
දහඩිය මුතූ කැට මල්‌ වරුසා වී
කරල්‌ බරින්‌ පීදී වැගිරෙයි

අඩ සද මෝරන මැදියම්‌ අහසින්‌
බිළිදු හදට කිරි දියර ගලයි

හෙට ඉදිවන නව ලෝකය දැක දැක
පුංචි පුතා ගභීනෙන්‌ හින හෙයි

දහසක්‌ වැව්‌ බැදි යෝධ මිනිස්‌ කැල
යළි ඉපදී ඇති ලක්‌ දෙරණේ

සත්‌ රුවණින්‌ නව නිදහන්‌ මතුවී
පුතුගෙ සිනාවෙනි ඔප වැටුනේ

දෑසේ කදුලැල්‌ පිසදා බලනෙමි

හෙට ගිරු එළියට වඩින දිනේ

ණය නැති බිය නැති නිවහල්‌ යුගයක
පුංචි පුතා රජ කරනු පෙනේ

මා ගත වෙහෙසට ආදරයෙන්‌ දිය
ලල්පත පාදන පුංචි පුතූන්‌

ඒ ගත වෙහෙසම සතුටක්‌ වේ මට
ඔබ සිහි වන විට පුංචි පුතුන්‌

දෙදහස්‌ පන්සිය වසරක්‌ තිස්සේ
මා දුටු සිහිනය පුංචි පුතුන්‌

ඔබ හට ලොකය ඉදි කර දී මිස
යා නොහැකිය මට පුංචි පුතූන්‌
",බිළිදු හදට කිරි දියර ගලයි,කිරි දියර ,නැවුම් සුබ සිතිවිලි ,බිලිදුගේ සිතට නැවුම් සුබ සිතිවිලි එයි
දෑතේ එල්ලී,අමරදේව ඩබ්ලිව් ඩී,අමරදේව ඩබ්ලිව් ඩී,ස්වර්ණ ශ්‍රී බණ්ඩාර,වැලි තල අතරේ,2002,"දෑතේ එල්ලී මියුරු කතා කී

සුරතල්‌ දෝණියනේ

කාලය රිය සක මහළු මගෙන්‌ ඔබ
ඈතට ගෙන යන්නේ

බොළද මියුරු බස්‌ සචන්‌ නිවා ලූ
කැකුළු සිනා රස සිත්‌ සනහා ලූ

අත්ත සිහිනය බොද වී දිය වී

ඈතට පාවචෙන්නෙ ~ඈතට පාවෙන්නේ

පරපුර වඩන ලෙසින්‌ වෙහෙසෙන ඔබ

ඇස නැළවූ සිත පිනවූ

මතක වරායෙන්‌ නොපෙනෙන ඈතට
වැලිබන පා චෙන්නේ ~ වැලි බත පා වෙන්නේ
දෑතේ එල්ලී මියුරු කතා කී

සුරතල්‌ දෝණියනේ

කාලය රිය සක මහළු මගෙන්‌ ඔබ
ඈතට ගෙන යන්නේ

බොළද මියුරු බස්‌ සචන්‌ නිවා ලූ
කැකුළු සිනා රස සිත්‌ සනහා ලූ

අත්ත සිහිනය බොද වී දිය වී

ඈතට පාවචෙන්නෙ ~ඈතට පාවෙන්නේ

පරපුර වඩන ලෙසින්‌ වෙහෙසෙන ඔබ

ඇස නැළවූ සිත පිනවූ

මතක වරායෙන්‌ නොපෙනෙන ඈතට
වැලිබන පා චෙන්නේ ~ වැලි බත පා වෙන්නේ
",කාලය රිය සක,රිය සක,වේගයෙන් ගමන් කරන,කාලය වේගයෙන් ගමන් කරනවා 
දරු දුක උහුලා,අමරදේව ඩබ්ලිව් ඩී,ප්‍රේමසිරි කේමදාස,ධර්මසිරි ගමගේ,නොදනී,නොදනී,"දරු දුක උහුලා තනිව වැලපෙනා
බුදු බව ලබනා දෙවිවරු ලෙසිනා
පූජා... පූජා වේවා...

මහමෙර වැනි බර සිතේ උහුලනා
කළුලැලි සමුදුර නෙතින්‌ සභවනා

දරු දුක...

මච්‌ ඇති දාටත්‌ සෙනෙහස පුදලා
මච්‌ නැති දාටත්‌ තූරුලේ රකිනා
සසර ගෙවෙන තූරු දරුවන්‌ රකිනා
බුදු බව ලබනා දෙවිවරු ලෙසිනා
පූජා පූජා වේවා...",බුදු බව ලබනා දෙවිවරු ලෙසිනා,බුදු බව ලබනා දෙවිවරු,අම්මා,අම්මා යනු ඉතා උතුම් ගරු බුහුමන් ලිය යුතු පුද්ගලයෙකි.
දරු දුක උහුලා,අමරදේව ඩබ්ලිව් ඩී,ප්‍රේමසිරි කේමදාස,ධර්මසිරි ගමගේ,නොදනී,නොදනී,"දරු දුක උහුලා තනිව වැලපෙනා
බුදු බව ලබනා දෙවිවරු ලෙසිනා
පූජා... පූජා වේවා...

මහමෙර වැනි බර සිතේ උහුලනා
කළුලැලි සමුදුර නෙතින්‌ සභවනා

දරු දුක...

මච්‌ ඇති දාටත්‌ සෙනෙහස පුදලා
මච්‌ නැති දාටත්‌ තූරුලේ රකිනා
සසර ගෙවෙන තූරු දරුවන්‌ රකිනා
බුදු බව ලබනා දෙවිවරු ලෙසිනා
පූජා පූජා වේවා...",මහමෙර වැනි බර සිතේ උහුලනා,මහමෙර,ඉතා විශාල,ඉතා විශාල දුක් කඳක් හිතේ තියන්.
ඇසේ මතුවන,අමරදේව ඩබ්ලිව් ඩී,අමරදේව ඩබ්ලිව් ඩී,මහගමසේකර,ඉරට මුවාවෙන්,2000,"ඇසේ මතුවන කදුළු බිඳු ගෙන
ඔබේ සිරිපා දොවන්නම්‌

හදෝ නැලැචෙන කැලෑ මල්‌ ගෙන
ඔබේ සිරිපා පුදන්නම්‌...//)

(කෙලෙස්‌ මල පිරි නුවර අතහැර
බවුන්‌ චඩනට වනේ වැඩි ඔබ...//)
(සොයා ආචෙමි පොලො තලයේ...//)
අනේ පිහිටක්‌ නොමැති වූ විට

ඇසේ මතුවන කදුළු බිඳු ගෙන......

(ඉහල නිල්චන්‌ අහස විනිවිද
නැගෙන ඔබගේ යෝධ බුදු බඳ....//)
(මගේ නෙත සිත මොහනය කර...//)
මගේ කුදු බව පසක්‌ කර ඇත

ඇසේ මතුවන කදුළු බිඳු ගෙන.:.....",කෙලෙස්‌ මල පිරි නුවර,නුවර,ජීවිතය,පව් පිරි ජීවිතය
ඇසේ මතුවන,අමරදේව ඩබ්ලිව් ඩී,අමරදේව ඩබ්ලිව් ඩී,මහගමසේකර,ඉරට මුවාවෙන්,2000,"ඇසේ මතුවන කදුළු බිඳු ගෙන
ඔබේ සිරිපා දොවන්නම්‌

හදෝ නැලැචෙන කැලෑ මල්‌ ගෙන
ඔබේ සිරිපා පුදන්නම්‌...//)

(කෙලෙස්‌ මල පිරි නුවර අතහැර
බවුන්‌ චඩනට වනේ වැඩි ඔබ...//)
(සොයා ආචෙමි පොලො තලයේ...//)
අනේ පිහිටක්‌ නොමැති වූ විට

ඇසේ මතුවන කදුළු බිඳු ගෙන......

(ඉහල නිල්චන්‌ අහස විනිවිද
නැගෙන ඔබගේ යෝධ බුදු බඳ....//)
(මගේ නෙත සිත මොහනය කර...//)
මගේ කුදු බව පසක්‌ කර ඇත

ඇසේ මතුවන කදුළු බිඳු ගෙන.:.....",මගේ කුදු බව පසක්‌ කර ඇත,කුදු බව,මෝඩ නොදැනුවත් කම,මගේ මෝඩ නොදැනුවත් කම පසක් කර ඇත 
බෝධියෙන්‌  වට ,අමරදේව ඩබ්ලිව් ඩී,අමරදේව ඩබ්ලිව් ඩී,පල්ලේගම හේමරතන හිමි,වැලි තල අතරේ,2002,"යස්සමූලේ නිසින්නෝවා සබ්බාරි විජයන්‌ අකා
පතන්තෝ සබ්බං යුදන්‌ සන්තා
වන්දදේතං බෝධි පාදපං

බොධියෙන්‌ වට බෝ පතක්‌ සේ
සුමුදු වැලි මළුවේ

වැතිර ඉන්නට වරම්‌ මට කොහිදො'
දුමිදු හෙවනේ සිහිල්‌ පවනේ

නිවී සැනැගී රැඳී ඉන්නෙම්‌
බොධියෙන්‌ වට බෝ පතක්‌ සේ

සැළෙන බෝ පත්‌ සැණින්‌ මුමුණන
මියුරු බුදුගුණ සරින්‌ සැනැගී

දුමිදු හෙවනේ සිහිල්‌ පචනේ

නිවී සැනහී රැඳී ඉන්නෙම්‌

බෝොධියෙන්‌ වට බෝ පතක්‌ සේ....

ළදළු බො පත්‌ තෙමා වෑහෙන
රිදී චන්‌ සඳ දියෙන්‌ නැහැවී
දුමිදු හෙවනේ සිහිල්‌ පචනේ
නිවී සැනැගී රැඳී ඉන්නෙම්‌

බොගියෙන්‌ වට බෝ පතක්‌ සේෙ....",රිදී වන්‌ සඳ දියෙන්‌,දිය,කිරණ,සුදු පට සඳ කිරණ
ගිලෙම්‌ ඔබේ ගුණ මූදේ ,අමරදේව ඩබ්ලිව් ඩී,අමරදේව ඩබ්ලිව් ඩී,අරිසෙන් අහුබුදු,අමර ගී සර,1980,"ගිලෙම්‌ ඔබේ ගුණ මූදෝ
විඳිම්‌ ඔබේ දම්‌ සාධු
වඳිම්‌ වඳිම්‌ ඔබ පාදේ
තිලොවග බුදු සමිඳේ
තිලොවග බුදු සමිඳේ.....

(සිඳ බිඳ මොහදුර පාප//)
(දැල්‌ වූ දහම්‌ ප්‍රදීප// )
(සිඳ බිඳ මොහදුර පාප//)
(දැල්‌ වූ දහම්‌ ප්‍රදීප//)
හෙළි කළ අප හෙළ දීප
තිලොවග බුදු සමිඳේ
තිලොවග බුදු සමිඳේ......

(සිල්ගත්‌ දිනිඳුන්‌ සේම//)
(සිල්‌ තෙද ගුණ ඇති සොම//)
(සිල්ගත්‌ දිනිඳුන්‌ සේම//)
(සිල්‌ තෙද ගුණ ඇති සොම//)
සත හට පෑ මච්‌ ප්‍රේම
තිලොවග බුදු සමිඳේ
තිලොවග බුදු සමිඳේ.......

ගිලෙම්‌ ඔබේ...

තිලොවග බුදු සමිඳේ....///",ගුණ මූද  ,මූද  ,මහත් විශාල,මහත් විශාල වූ ගුණ
අමා ගඟ ගලාලා,අමරදේව ඩබ්ලිව් ඩී,අමරදේව ඩබ්ලිව් ඩී,මහගමසේකර,නොදනී,නොදනී,"අමා ගඟ ගලාලා - අවා ගිනි නිවේවා
භවේ ශොක පීඩා ~ එයින්‌ සංසිදේෝවා
එයින්‌ සංසිදේවා... //

(සංසාර භය පතල -.සංහාර කොට දුරැර) //
ප්‍රඥාවේ මිණි පහන ඇවිලී

අඥාන ඝන තිමිර දුරලි

අඥාන ඝන තිමිර දුරදී

අමා ගඟ ගලාලා..

(සංතාප දුක සිදින ~ නිර්වාන සැප සැඳින) //
දුරුවී ලොවේ ලොභ තණ්හා
පැරදී කෙලෙස්‌ මාර සේනා
පැරදී කෙලෙස්‌ මාර ංසේනා

අමා ගඟ ගලාලා..",අමා ගඟ ගලාලා,ගඟ,විශාල ප්‍රමාණයක්,අමා ගුණ විශාල ප්‍රමාණයක්
ආරාධනා,අමරදේව ඩබ්ලිව් ඩී,රෝහණ වීරසිංහ,කුලරත්න ආරියවංශ,ආරාධනා,2013,"ආරාධනා...ආරාධනා...
ජීවිතයේ තනි මංසල අතරමං වෙලා
හුදෙකලාව සුසුම්‌ හෙලන හදවත සනහා
අනීතයේ ගිලිගී ගිය

සතුට රැගෙන යළි වඩින්න
ආරාධනා...ආරාධනා...

නෙළු සුපෙම්‌ කැටයම්‌ හද පවුරු තලාවේ
මැකී ගියාදො.. කාලයේ වෙරළේ
ජීවිතයේ දිගු ගමනින්‌ අනාථ වූදා
සෙනේහයේ සත්‌ පියුමන්‌ යළිදු පිපේවා
ආරාධනා...ආරාධනා...

එදා සිගිති කිරි සුවඳින්‌ යුග දිවි අරණේ
ඔබේ උණුසුමේ... යළිඳු උපන්නෙ ම්‌
බිඳුණු එචන්‌ රජ දහනින්‌ සමුගෙන යන දා
ඔබේ නුචන්‌ පහනින්‌ යළි එළිය ලැබේවා
ආරාධනා...ආරාධනා...
",සෙනේහයේ සත්‌ පියුමන්‌ යළිදු පිපේවා,සත්‌ පියුමන්‌,සිතිවිලි,ආදර සිතිවිලි යලි ඇති වේවා. 
ගුරු ගෙදර,අමරදේව ඩබ්ලිව් ඩී,අමරදේව ඩබ්ලිව් ඩී,අජන්තා රණසිංහ,නොදනී,නොදනී,"ගුරු ගෙදර පාළුයි
ඔබෙන්‌ චෙන්වුණු මගේ සිත මෙන්‌
අසරණයි අඳුරුයි පාළුයි

(ගුරු ගෙදර පාළුයි)...//

මියුරු පිවිතූරු සෙනේ විද විඳ
අකුරු කරමින්‌ එක්ච ගිඳ හිද
එදා දුන්‌ හිරිමල්‌ හිනා අද
ඔබට අමතකදෝො

ගුරු ගෙදර පංළුයි....

හීන්‌ දෙවටේ පිපී නැලැවුණු
එකම මධු මල පරවුණාදො'
සිහින පියසේ සුවඳ විලසේ
මිරිගුවක්‌ වීදො

ගුරු ගෙදර පාළයි....",එකම මධු මල පරවුණාදො,මධු මල ,ආදර හැගීම ,තිබු එකම අදර හැගීම නැති උනිද 
හන්තානේ,අමරදේව ඩබ්ලිව් ඩී,ප්‍රේමසිරි කේමදාස,විජය රාමනායක,ආරාධනා,2013,"හන්නානේ කඳු මුදුන සිසාරා
පචනක්‌ වී එන්නම්‌
ඔබේ සුවඳ රැඳී කුටිය සමීපේ
කුසුමක්‌ වී ඉන්න ම්‌//

තුන්‌ මහලළින්‌ සැදී සරසවි පෑයේ
මල්‌ කැටයම්‌ සෙවණේ

සිරි පොදා වැස්සේ නැගුනු සතුටු රළ
මිරිග්‍ර සයුර විණ අතීතයේ//

හන්නානේෙ....

පාළු නිසංසල කළුචැටි අතරේ
මහවැලි ගං ඉවුරේ

අත්තටු සිඳගත්‌ විහඟ විලාසෙන්‌
අපේ පැතුම්‌ ඉකි බිඳිනු ඇසේ//

හන්තානේෙ...;",ඔබේ සුවඳ රැඳී කුටිය,සුවඳ රැඳී කුටිය,මතකයන් රැදුණු ජීවිතය,ඔබේ මතකයන් රැදුණු ජීවිතය
හන්තානේ,අමරදේව ඩබ්ලිව් ඩී,ප්‍රේමසිරි කේමදාස,විජය රාමනායක,ආරාධනා,2013,"හන්නානේ කඳු මුදුන සිසාරා
පචනක්‌ වී එන්නම්‌
ඔබේ සුවඳ රැඳී කුටිය සමීපේ
කුසුමක්‌ වී ඉන්න ම්‌//

තුන්‌ මහලළින්‌ සැදී සරසවි පෑයේ
මල්‌ කැටයම්‌ සෙවණේ

සිරි පොදා වැස්සේ නැගුනු සතුටු රළ
මිරිග්‍ර සයුර විණ අතීතයේ//

හන්නානේෙ....

පාළු නිසංසල කළුචැටි අතරේ
මහවැලි ගං ඉවුරේ

අත්තටු සිඳගත්‌ විහඟ විලාසෙන්‌
අපේ පැතුම්‌ ඉකි බිඳිනු ඇසේ//

හන්තානේෙ...;","අත්තටු සිඳගත්‌ විහඟ විලාසෙන්‌
අපේ පැතුම්‌ ඉකි බිඳිනු ඇසේ",අත්තටු සිඳගත්‌ විහඟ,විනාශ වූ පැතුම්,සියලු පැතුම්  නැතිවීලා
හීන හතක්‌ මැද,අමරදේව ඩබ්ලිව් ඩී,අමරදේව ඩබ්ලිව් ඩී,මඩවල එස් රත්නායක,අමර ගී සර,1980,"හීන හතක්‌ මැද විමනක්‌ සැදුණයි
සීත සඳුන්‌ සුව ඒ තුල මැවුණයි
වාසනාවෙ මල්‌ හදවත පිපුණයි
ගීත නාද දෙව්‌ ලොකෙන්‌ ඇහුණයි

නීල නුවන්‌ ගැබ සෝක වලාචවෝ
වේදනාව ගෙන හද අඹරොංරේ
ඈතින්‌ පොර තෙරපී ඇඹරේ
දෑසෙ කළුලු වැල්‌ රූරා වැගිරේ

අකාලයේ වැසි දිය ඇද හැලිලා
සොක සුසුම්‌ ගග ඉචුරු තලාලා
වාසනාවෙ මල්‌ අකලට මැරුණයි
ප්රේම ලොක රන්‌ මන්දඳිර කැඩුණයි",හීන හතක්‌ මැද විමනක්‌,විමනක්‌,ප්‍රේමයක්,බලාපොරොත්තු ගොඩක් එක්ක ප්‍රේමයක් ඇති උනා
හීන හතක්‌ මැද,අමරදේව ඩබ්ලිව් ඩී,අමරදේව ඩබ්ලිව් ඩී,මඩවල එස් රත්නායක,අමර ගී සර,1980,"හීන හතක්‌ මැද විමනක්‌ සැදුණයි
සීත සඳුන්‌ සුව ඒ තුල මැවුණයි
වාසනාවෙ මල්‌ හදවත පිපුණයි
ගීත නාද දෙව්‌ ලොකෙන්‌ ඇහුණයි

නීල නුවන්‌ ගැබ සෝක වලාචවෝ
වේදනාව ගෙන හද අඹරොංරේ
ඈතින්‌ පොර තෙරපී ඇඹරේ
දෑසෙ කළුලු වැල්‌ රූරා වැගිරේ

අකාලයේ වැසි දිය ඇද හැලිලා
සොක සුසුම්‌ ගග ඉචුරු තලාලා
වාසනාවෙ මල්‌ අකලට මැරුණයි
ප්රේම ලොක රන්‌ මන්දඳිර කැඩුණයි",සීත සඳුන්‌ සුව ඒ තුල මැවුණයි,සීත සඳුන්‌ සුව,සැනසීම,බලාපොරොත්තු වූ සැනසීම ලැබුන 
හීන හතක්‌ මැද,අමරදේව ඩබ්ලිව් ඩී,අමරදේව ඩබ්ලිව් ඩී,මඩවල එස් රත්නායක,අමර ගී සර,1980,"හීන හතක්‌ මැද විමනක්‌ සැදුණයි
සීත සඳුන්‌ සුව ඒ තුල මැවුණයි
වාසනාවෙ මල්‌ හදවත පිපුණයි
ගීත නාද දෙව්‌ ලොකෙන්‌ ඇහුණයි

නීල නුවන්‌ ගැබ සෝක වලාචවෝ
වේදනාව ගෙන හද අඹරොංරේ
ඈතින්‌ පොර තෙරපී ඇඹරේ
දෑසෙ කළුලු වැල්‌ රූරා වැගිරේ

අකාලයේ වැසි දිය ඇද හැලිලා
සොක සුසුම්‌ ගග ඉචුරු තලාලා
වාසනාවෙ මල්‌ අකලට මැරුණයි
ප්රේම ලොක රන්‌ මන්දඳිර කැඩුණයි",අකාලයේ වැසි දිය ඇද හැලිලා,වැසි දිය,කරදර බාදක ,එක් නිමේෂයකිකින් ආ කරදර බාදක 
හීන හතක්‌ මැද,අමරදේව ඩබ්ලිව් ඩී,අමරදේව ඩබ්ලිව් ඩී,මඩවල එස් රත්නායක,අමර ගී සර,1980,"හීන හතක්‌ මැද විමනක්‌ සැදුණයි
සීත සඳුන්‌ සුව ඒ තුල මැවුණයි
වාසනාවෙ මල්‌ හදවත පිපුණයි
ගීත නාද දෙව්‌ ලොකෙන්‌ ඇහුණයි

නීල නුවන්‌ ගැබ සෝක වලාචවෝ
වේදනාව ගෙන හද අඹරොංරේ
ඈතින්‌ පොර තෙරපී ඇඹරේ
දෑසෙ කළුලු වැල්‌ රූරා වැගිරේ

අකාලයේ වැසි දිය ඇද හැලිලා
සොක සුසුම්‌ ගග ඉචුරු තලාලා
වාසනාවෙ මල්‌ අකලට මැරුණයි
ප්රේම ලොක රන්‌ මන්දඳිර කැඩුණයි",ප්රේම ලොක රන්‌  මන්දිර කැඩුණයි, රන්‌  මන්දිර,මහත් වූ බලාපොරොත්තු,ප්‍රේමය ගැන තිබු මහත් වූ බලාපොරොත්තු විනාශ වුනා 
හඳපානේ වැලි තලා,අමරදේව ඩබ්ලිව් ඩී,රෝහණ වීරසිංහ,නොදනී,සසර වසන තුරු,1999,"හඳපානේ චැලි තලා සුර කුමරියො මල්‌ සලා
මිහිරි ලලිත ගී ගයා ංනටනි මේ රැයේ...

කුමුදු සමන්‌ පෙළ සැදී සීතල සඳ රැස්‌ වැදී
කොමළ සිනා පා ළෙල දේ සුවඳ විහිදුවා...

සඳ වතුරේ පෙනි පෙනී සුර බිළිඳෝ නැළවෙති
තුරු ලියෝ සැනසෙති සොඳුරු නිසල මේ රැයේ…",සඳ වතුරේ පෙනි පෙනී,සඳ වතුර,සඳ කිරණ,සඳ කිරණ දෙස  බලමින් 
හන්තාන සිහිනේ (බල වලපැමි),"අමරදේව ඩබ්ලිව් ඩී, උමාරියා සිංහවංශ",අරුණ ගුණවර්ධන,ජානක සිරිවර්ධන,හන්තාන සිහිනේ,2020,"බලා වැලපෙමි නෙලාගනු බැරි
හන්තාන සිහිනේ

දරා නෙත්‌ අග දොවා සිත්‌ මල
ගොතනු මැන ළදුනේ

සංසාර සිහිනෙ.....

වැහි පබළු යට රඟමඩල මැද
ඔබේ දෑනේ තුරුළුවෙන්නට
බිසෙො හැරගිය ළසෙං රහහල
අමාචක අදුරේ

නොයනු මැන ළදුනෙ.....

බලා චැලපෙමි නෙලාගනු බැරි
හන්තාන සිහිනේ

වඩින තනූරු සඳ දුරින්‌ ඉන්නම්‌
තරු ඇදුරු පෙම්‌ ගී අහන්නම්‌
සොළුරු ඒ සඳ දියේ එන්නම්‌
ඉඳිනු මැන සොළුරේ
හන්තාන අරණේ.....

හන්තාන සිහිනෙ....",බිසෝ හැරගිය ළසෝ රගහල,ළසෝ රගහල,ජීවිතය,බිරිද හැරගිය ජීවිතය
කැලේ ගහක මල්‌,අමරදේව ඩබ්ලිව් ඩී,අමරදේව ඩබ්ලිව් ඩී,මහගමසේකර,වසන්ත ගීතය,2000,"කැලේ ගහක මල්‌ පිපිලා සුවඳ ගලනවා
හදේ ලැගුම්‌ ගත්‌ බඹරුන්‌ රොණට වඩිනවා
රේණු තලා මල්‌ නොතලා උන්‌ පැණි බොනවා
මගේ දෑස මට නොකියා කරදර දෙනවා
කැලේ ගහක මල්‌ පිපිලා සුවඳ ගලනවා
හදේ ලැගුම්‌ ගත්‌ බඹරුන්‌ රොණට වඩිනවා

ගලා හැලෙන අඳුර මැදින්‌ නුවන්‌ පිපෙනවා
මලේ මහිම ඒ අතරේ මට හමුවෙනවා
සදා සතුට සිහින ලොවේ කිරුළු දරනවා

කැලේ ගහක මල්‌ පිපිලා සුවඳ ගලනවා
හදේ ලැගුම්‌ ගත්‌ බඹරුන්‌ රොණට වඩිනවා

මෘ තනි වූ විටදි පමණි එ මල දකින්නේ
හිරු සඳු මෙහි විත්‌ මොකටද කරදර දෙන්නේ
අඳුර සමඟ මොහොතක්‌ මට ඉන්නට දෙන්නේ

කැලේ ගහක මල්‌ පිපිලා සුවද ගලනචා

හදේ ලැගුම්‌ ගත්‌ බඹරුන්‌ රොණට වඩිනවා
රේණු තලා මල්‌ නොතලා උන්‌ පැණි බොනවා
මගේ දෑස මට නොකියා කරදර දෙනවා",හදේ ලැගුම්‌ ගත්‌ බඹරුන්‌,බඹරුන්‌,ආදර සිතිවිලි,හිතේ තියන ආදර සිතිවිලි
හීන්‌ සැරේ ඔබ ආවා ආවා,"අමරදේව ඩබ්ලිව් ඩී, සුනේත්‍රා සරත්චන්ද්‍ර",ප්‍රේමසිරි කේමදාස,අජන්තා රණසිංහ,නොදනී,නොදනී,"හීන්‌ සැරේ ඔබ ආවා ආවා

සයනෙන්‌ පිබිදී ඔබ ආවා ආවා
යාන්තමින්‌ මා සිත ඇඳි පිළිරුව ඔබ ආවා
වැතිරී පෙම්‌ සිරි යහනාවේ ඔබ ආවා ආවා

තරුවෙන්‌ තරුවට පැන පැන හෙමිහිට
මලකින්‌ මලකට පියඹා කදිමට

මා දභකාරිය නාරිලනාචිය
(කාන්සියේ හොඳ අඳුර මකා හැර...//)
හීන්‌ සැරේ ඔබ ආචා ආවා

(මන්‌ කොවචවුලන්‌ ගීත නදින
සන්‌ පියුමන්‌ රේණු මතින...//)
අත්වැල්‌ බැඳ නටමු නටමු
සිත්‌ සැණකෙළියේ...

සිත්‌ සැණකෙ ළියේ..

(නීළඹ නිල්‌ වියන යටින්‌
පින්න පිපුණු පලස මතින....//)
සුරංගනා රැඟුම්‌ රඟමු

සඳ තරුවලියේ..

සඳ තරුවලියේ..",කාන්සියේ හොඳ අඳුර මකා,අඳුර,වෙහෙස මහන්සිය,වෙහෙස මහන්සිය නැති කර  
කැලේ පිපුණු මලක් විලස,අමරදේව ඩබ්ලිව් ඩී,නොදනී,නොදනී,අමර ගී සර,1980,"කැළේ පිපුණු මලක්‌ විලස
ඇගෙ රූ සිරි දිලෙනා

ඇලේ දොලේ පෙන පිඬු ඇගෙ
සිනා චතනින්‌ සැලෙනා

කැලේ එපිට ඈත රටක
ගව්‌ සිය ගව්‌ දුරිනා
සිදාදියෙන්‌ එමල සොයා
කවුදෙං එනු ඇසෙනා

සිදාදියේ මන්දිරයක
සඟවාලන ලෙසිනා
දෑස වසා ඇය ගෙන යන
රහස්‌ංකතා ඇසෙනා

කැළේ පිපුණු මලක්‌ විලස..

සිදාදියේ මන්දිරයක
බැල මෙහෙචර කරනා
අනාගතය සිහිවී ඇගෙ
නෙත කඳුලැලි සැලෙනා

හදේ නැගෙන ගිණ දැල්ලක්‌
ඇගෙ රන්‌ බඳ වෙලෙනා
කැළේ පිපුණු සොඳුරු මලට
නැතිදො රැකවරණා",සිදාදියෙන්‌ එ මල සොයා,මල,ලස්සන තරුණිය,නගරයෙන් ඒ ලස්සන තරුණිය සොයා 
කැලේ පිපුණු මලක් විලස,අමරදේව ඩබ්ලිව් ඩී,නොදනී,නොදනී,අමර ගී සර,1980,"කැළේ පිපුණු මලක්‌ විලස
ඇගෙ රූ සිරි දිලෙනා

ඇලේ දොලේ පෙන පිඬු ඇගෙ
සිනා චතනින්‌ සැලෙනා

කැලේ එපිට ඈත රටක
ගව්‌ සිය ගව්‌ දුරිනා
සිදාදියෙන්‌ එමල සොයා
කවුදෙං එනු ඇසෙනා

සිදාදියේ මන්දිරයක
සඟවාලන ලෙසිනා
දෑස වසා ඇය ගෙන යන
රහස්‌ංකතා ඇසෙනා

කැළේ පිපුණු මලක්‌ විලස..

සිදාදියේ මන්දිරයක
බැල මෙහෙචර කරනා
අනාගතය සිහිවී ඇගෙ
නෙත කඳුලැලි සැලෙනා

හදේ නැගෙන ගිණ දැල්ලක්‌
ඇගෙ රන්‌ බඳ වෙලෙනා
කැළේ පිපුණු සොඳුරු මලට
නැතිදො රැකවරණා",හදේ නැගෙන ගිණි දැල්ලක්‌,ගිණි දැල්ල,දුක් දොම්නස්,හිතේ ඇති වුනු දුක් දොම්නස්
කන්ද උඩින්‌ එන,අමරදේව ඩබ්ලිව් ඩී,අමරදේව ඩබ්ලිව් ඩී,මහගමසේකර,කොළොම්තොට,1985,"කන්ද උඩින්‌ එන කිකිළිය ගොමරියේ
නළල්‌ වටින්‌ එන දාඩිය මුතු කැටියේ

කන්ද උඩින්‌ එන ගොමරියේ
ඇයි මට පිටුපා ගෙට යන්නේ
නළලේ දාඩිය මුතූපට පටලා
වළකුලේ සුදු සේලය රැළි ලා
අත පාමුදු පය පාමුදු ලාගෙන
ළමැද ගොමර මල්‌ංගවසාගෙන
කන්ද උඩින්‌ එන ගොමරියේ

කන්ද උඩින්‌ සඳවත පායන්නේ
සිනා කිරෙන්‌ සඳ එළිය ගලන්නේ
ලැවුගිනි ගත්‌ හද එයිනි නිවෙන්නේ
රන්තැටියෙන්‌ කිරි දියර දියන්නේ

කළු පාමුල මිටියාවත වැතිරී

ඔබ එනතුරු මම හිඳිනෙමි තනිවී
ඈත ඉඳන්‌ කඳු මුදුනට නැගලා
මා කැදවන්‌ ඔබංවෙත අත වනලා",ලැවුගිනි ගත්‌ හද,ලැවුගිනි ගත්‌,කලබල වූ ,කලබල වූ හිත
කදුළු කතාවේ,අමරදේව ඩබ්ලිව් ඩී,සනත් නන්දසිරි,බුද්ධදාස ගලපත්ති,ආරාධනා,2013,"කදුළු කතාවේ නිමක්‌ දුටුවදා
සිහින ලතාවේ මලක්‌ පිපුණුදා
සතුටු ගගක්‌ ගැලුවා

හදට හදක්‌ බැඳුණා.....

ආසිරි චාමර පවන්‌ සැළී

සෝ දුක්‌ සංකා සෙමින්‌ මැකේ
දෙගුරුන්‌ මිතුරන්‌ සුපැතූම්‌ මැද්දේ
අපේම ලොව අප තනි චූයේ....

සුසුමක පා කර හසුන්‌ යවා
දෙතැනක තනිවී හඬා දොඩා
ගෙවූ අත්තෙන්‌ අප සමුගන්නෙමු
අලුත්‌ ලොවක රන්‌ කිරුළු දරා....",සිහින ලතාවේ මලක්‌ පිපුණුදා,මල,බලාපොරොත්තු,තිබූ බලාපොරොත්තු ඉටු වූ දා     
මගේ කඳුළින්‌,අමරදේව ඩබ්ලිව් ඩී,ප්‍රේමසිරි කේමදාස,කුලරත්න ආරියවංශ,විකසිත පෙම්,2013,"මගේ කඳුළින්‌ ඔබේ දෙනුවන්‌
දොවාලන්නට චරම්‌ නෑ

මගේ දෙතොලින්‌ ඔබෙ කළඳුලැල්‌
නිවාලන්නට වරම්‌ නෑ

සිතෙයි දෝතින්‌ මලක්‌ සේ ගෙන
ඔබේ සෙනෙහස වැළඳ ගන්නට
නමුදු පරසතූ මලක්‌ වී ඔබ

නොමැත මා හට සුවඳ දෙන්නේ

සිතේ ඇවිළෙන ඔබේ හදවත
මගෙ සුසුමින්‌ නිවා' ලන්නට
නමුදු අවසර නොමැති පියසෙකි
ඔබේ ලොව මට අත පොචන්නට",පරසතූ මලක්‌ වී ඔබ,පරසතූ මල,අනෙකුගේ ආදරවන්තිය,අනෙකුගේ ආදරවන්තියක් වී ඔබ
කරදර පොදි බැඳ,අමරදේව ඩබ්ලිව් ඩී,අමරදේව ඩබ්ලිව් ඩී,උදයසිරි පතිරණ,වැලි තල අතරේ,2002,"කරදර පොදි බැඳ ගැල පිට පටවා
කරුමයෙ කළු ගොනු පෙරටුවෙ බැඳගෙන
මේ ජීවන මඟ අප යනවා

ඒ ගමනේ දුක්‌ දාහෙ නිවාලන

(සී පද මුවගින්‌ පිට වෙනවා....//)

අප යන මේ මඟ කළු ගල්‌ මතූ වී
පය රත්‌ වීලා බුබුළ නැඟෙන සඳ
දෑසින්‌ කදුළැලි පිට වෙනවා

ඒ ගමනේ දුක්‌ දාහෙ නිවාලන
(සී පද මුවගින්‌ පිට වෙනවා..../7/)

කිරිගල්‌ පොත්තේ කන්ද නගින විට
ගම සිටිනා ඔබ හදේෝ' ඇඳෙනවා
ඒකෙන්‌ ගමනට හිත දෙනවා

ඒ ගමනේ දුක්‌ දාහෙ නිවාලන

(සී පද මුවගින්‌ පිට වෙනවා....//)",කරුමයෙ කළු ගොනු, කළු ගොනු,පල විපාක,කර්මයේ පල විපාක
කරදර පොදි බැඳ,අමරදේව ඩබ්ලිව් ඩී,අමරදේව ඩබ්ලිව් ඩී,උදයසිරි පතිරණ,වැලි තල අතරේ,2002,"කරදර පොදි බැඳ ගැල පිට පටවා
කරුමයෙ කළු ගොනු පෙරටුවෙ බැඳගෙන
මේ ජීවන මඟ අප යනවා

ඒ ගමනේ දුක්‌ දාහෙ නිවාලන

(සී පද මුවගින්‌ පිට වෙනවා....//)

අප යන මේ මඟ කළු ගල්‌ මතූ වී
පය රත්‌ වීලා බුබුළ නැඟෙන සඳ
දෑසින්‌ කදුළැලි පිට වෙනවා

ඒ ගමනේ දුක්‌ දාහෙ නිවාලන
(සී පද මුවගින්‌ පිට වෙනවා..../7/)

කිරිගල්‌ පොත්තේ කන්ද නගින විට
ගම සිටිනා ඔබ හදේෝ' ඇඳෙනවා
ඒකෙන්‌ ගමනට හිත දෙනවා

ඒ ගමනේ දුක්‌ දාහෙ නිවාලන

(සී පද මුවගින්‌ පිට වෙනවා....//)",මේ මඟ කළු ගල්‌ මතූ වී,කළු ගල්‌,කරදර බාදක ,මගදී හමුවන කරදර බාදක 
මහ පිරිත වී නුඹ,අමරදේව ඩබ්ලිව් ඩී,රෝහණ වීරසිංහ,සුනිල් ආර්.ගමගේ,නොදනී,නොදනී,"මහ පිරිත වී නුඹ
ඇසෙන නෑසෙන දුරින්‌
මට සංසාර අරණේ
කෙළවරක ගිඳ මුමුණනා
මහ පිරිත වී

ඇසෙන නෑසෙන දුරින්‌

නෞකොච දියබත්ව ගිය පසු
රුවල්‌ අතූරා කුමකට ද සොරදුරි
ජීවිතයේ රුදු රළ පතරේ

පහස විඳ සැනසෙනු විනා

තචම මගේ හිත ගොඩබිමට දුරිනි

මහ පිරිත වී

ඇසෙන නැසෙන දුරින්‌

කෞමදිය උදෑසන පෙති හල

සඳක සෙනෙහස ඉහිරුනි ද සොඳුරි
ජීවිතයේ සොඳුරුම රැයෙක

අහිමි පෙම්‌ සුව ඉවසනා

තවම මගෙ ගිත නුඹේ පුසුඹ මිහිර

මහ පිරිත වී
ඇසෙන නෑසෙන දුරින්‌",නෞකාව දියබත්ව ගිය පසු,නෞකාව,ජීවිතය,ජීවිතය විනාස වූ පසු
මහවැලී මහවැලී,අමරදේව ඩබ්ලිව් ඩී,අමරදේව ඩබ්ලිව් ඩී,මහගමසේකර,නොදනී,නොදනී,"මහවැලී මහවැලී
මහවැලි මහවැලි මහාචැලි...

සිරිපද ලය සමනොළ සිරසේ
සිඹ සිඹ සිහිලස විඳසොඳසේ
ලෙලී දිලී ගලා බසී

මහවැලි මහවැලි මහාචැලි...

ගිරි කුළු විනිවිද නව මං මතුකොට
නව ලොවකට ඔබ ගලා බසී
අතීත රජ රට සිරිසර ඇසහැර

ඔබ එන තුරු මග බලා හිඳී

මහ වැව්‌ බැඳි පෙර රජ දරුවො
ඔබගෙන්‌ යළිනව පණ ලැබුචවෙං'
ලෙලී දිලී ගලා බසී

මහවැලි මහවැලි මහාචැලි...

සිරි දූව භෙට මෙහි වඩිනා මඟුලට
මග පාදා පියවිලි අතනූරා

ඔබ බැස එනු දැක හිනැහෙයි සිරි ලක
අනාගතය කරි දිය උතුරා...

සිරිපද ලය සමනොලළ..",අනාගතය කිරි දිය උතුරා,කිරි දිය,සශ්‍රිකත්වය,අනාගතය සශ්‍රික වෙලා 
මේ ගුරු පාරේ,අමරදේව ඩබ්ලිව් ඩී,සනත් නන්දසිරි,සුනිල් ආරියරත්න,ආරාධනා,2013,"මේ ගුරු පාරේ මේ දොළ අයිනේ
අපේ රහස්‌ ඇත සැඟවීලා

අපේ රහස්‌ ඇත ලියැවීලා

පටු මාවත්‌ චල දූවිලි අතරේ

අපගේ ඉපැරණ පිය සටහන්‌ ඇත
දොළ මත දිදුළන පෙණ පිඬු අතරේ
අපේ කතාවේ කෙටි පටුනක්‌ ඇත

ඉර හඳ ඇසුවා ඇළදොළ දුටුවා
අනිනත ගෙන අප දෙඩු කතාබහ
එනමුදු එදවස සඟවනු හැකිවේ
ඉරට හඳට ඇළ දොළට කතා බැහැ.",අපේ කතාවේ කෙටි පටුනක්‌ ඇත,පටුන,හමුවීම,අපි දෙදනාගේ හමුවීම ඉතා කෙටියි
මළ ඉර බසිනා සැන්දෑ යාමේ,අමරදේව ඩබ්ලිව් ඩී,අමරදේව ඩබ්ලිව් ඩී,මහගමසේකර,බඹරෙකු ආවයි  ,2010,"මළ ඉර බසිනා සැන්දෑ යාමේ
ඔබ ගෙන්‌ සමුගන්නම්‌
(අඳුරට ඉඩදී අඳුරේ සැඟවී...//)
ඔබ ගෙන්‌ චෙන්‌ වී මම යන්නම්‌

(නිදි නැති යහනේ රෑ යාමේ
කාංංසියේ ඔබ හිඳිනා වේලේ....//)
(සුළඟේ දැවටී ඔබට හොරෙන....//)
මම ඔබ චෙත එන්නම්‌

(සියුමැලි දෑතින්‌ ඔබ හිස අතගා...//)
ඔබ නිදි කරචා මම යන්නම්‌

(අළුයම පිබිදෙන ඔබගේ දෑසේ

මල්‌ පෙති අග පිනි කඳුලක්‌ රඳවා...//)
(සුසුමක්‌ වාගේ ඉන්‌ පිටවී...//)

ඔබ ගෙන්‌ චෙන්‌ වෙන්නම්‌

(අඳුරට ඉඩදී අඳුරේ සැඟවී...//)

(ඔබ ගෙන්‌ චෙන්‌ වී මම යන්නම්‌...//)
",මළ ඉර,මළ,බැසයන,බැසයන හිරු
මිහිපිට අඟලක්‌ හිමි නැනි මිනිසෙක්‌,අමරදේව ඩබ්ලිව් ඩී,සෝමපාල රත්නායක,ගාමිණී ෆොන්සේකා,නොමියෙන මිණිසුන් චිත්රපටය,1994,"මිහිපිට අඟලක්‌ හිමි නැනි මිනිසෙක්‌
නනයිී මාළිගා අඟසෝ...

කිරුළු පළඳන්න රටක්‌ නැනි
රජකරවන්‌්නට පුනකු නැනි
අනිනයක්‌ මඳ හෙටක්‌ නැනි

මිහිපිට බිම අඟලක්‌ නොමැනි
මිනිසෙක්‌ නනන මාළිගා මාළිගා...

සින්‌ මාළිගයේ කවිරු රන්දන්නෙ

අඳුරු කුටිය කෙලෙසද හෙළිවන්නේ

පාළු කවුදෝ සිදිලුන්ෂෙ

පෙර මෙන්‌ කිං නැන හැඬවෙන්නේ
මිනිසෙක්‌ නනන මාළිගා මාළිගා...

අඳුරු මාළිගා හෙළිකරවන්නයි
පාළු මොහොනින්‌ සිඳලන්නයි
හෙළමව යලි රන්‌ කිරුළු දුරන්නයි
හෙළේ පැනුම යලි රජකරවන්නයි...

මිනිසෙක්‌ නනන මාළිගා මාළිගා
අහසඝෝ නනන මාළිගා මාළිගා...",තනයිී මාළිගා අහසේ ,මාළිගා අහසේ,ඉටු කර ගත නොහැකි බලාපොරොත්තු,ඉටු කර ගත නොහැකි බලාපොරොත්තු තනයි
මිහිපිට අඟලක්‌ හිමි නැනි මිනිසෙක්‌,අමරදේව ඩබ්ලිව් ඩී,සෝමපාල රත්නායක,ගාමිණී ෆොන්සේකා,නොමියෙන මිණිසුන් චිත්රපටය,1994,"මිහිපිට අඟලක්‌ හිමි නැනි මිනිසෙක්‌
නනයිී මාළිගා අඟසෝ...

කිරුළු පළඳන්න රටක්‌ නැනි
රජකරවන්‌්නට පුනකු නැනි
අනිනයක්‌ මඳ හෙටක්‌ නැනි

මිහිපිට බිම අඟලක්‌ නොමැනි
මිනිසෙක්‌ නනන මාළිගා මාළිගා...

සින්‌ මාළිගයේ කවිරු රන්දන්නෙ

අඳුරු කුටිය කෙලෙසද හෙළිවන්නේ

පාළු කවුදෝ සිදිලුන්ෂෙ

පෙර මෙන්‌ කිං නැන හැඬවෙන්නේ
මිනිසෙක්‌ නනන මාළිගා මාළිගා...

අඳුරු මාළිගා හෙළිකරවන්නයි
පාළු මොහොනින්‌ සිඳලන්නයි
හෙළමව යලි රන්‌ කිරුළු දුරන්නයි
හෙළේ පැනුම යලි රජකරවන්නයි...

මිනිසෙක්‌ නනන මාළිගා මාළිගා
අහසඝෝ නනන මාළිගා මාළිගා...",හෙළමව,මව,උපන් බිම,ශ්‍රී ලංකාව
මුණි සිරිපා සිඹිමින්නේ,"අමරදේව ඩබ්ලිව් ඩී, නන්දා මාලනී",නොදනී,නොදනී,ඉරට මුවාවෙන්,2000,"මුණි සිරිපා සිඹිමින්නේ
සමනොළ ගිරි පෙදෙසින්නේ
මඳ සුළඟයි මේ එන්නේ
මගේ පුතා නැලැවෙන්නේ

ජාතික රණ දෙරණ මනේ
ගැටී වැටී මළ මොහොනේ
සුන්දර සුරඹුන්‌ ගෙ අනේ
නැළවෙනෙ බව සිතනු පුතේ
නිදහස්‌ හිරු පායනවා

දෑ බැනි මල්‌ පිබිදෙනවා
සිරිලක්‌ මච හිනැහෙනවා
මගේ පුතා නැළවෙනවා

කැප්පෙටිපොළ සෙනවිසුරු

කළ රුපු සෙන්‌ මන්‌ දැදුරු

අවිරු විකුම්‌ පෑ අයුරු

නුඹට පුතේ වෙයි මියුරු

ජාතිය රන්‌ විමනක්‌ වේ ආගම මිණි පහනක්‌ චේ
එය රැකගන්නට මෙලොවේ

සමත්‌ වෙතොත්‌ පුත නුඹවේ",ජාතිය රන්‌ විමනක්‌ වේ,රන්‌ විමන,ජාතිය,ජාතිය ඉතා වටිනවා 
මුණි සිරිපා සිඹිමින්නේ,"අමරදේව ඩබ්ලිව් ඩී, නන්දා මාලනී",නොදනී,නොදනී,ඉරට මුවාවෙන්,2000,"මුණි සිරිපා සිඹිමින්නේ
සමනොළ ගිරි පෙදෙසින්නේ
මඳ සුළඟයි මේ එන්නේ
මගේ පුතා නැලැවෙන්නේ

ජාතික රණ දෙරණ මනේ
ගැටී වැටී මළ මොහොනේ
සුන්දර සුරඹුන්‌ ගෙ අනේ
නැළවෙනෙ බව සිතනු පුතේ
නිදහස්‌ හිරු පායනවා

දෑ බැනි මල්‌ පිබිදෙනවා
සිරිලක්‌ මච හිනැහෙනවා
මගේ පුතා නැළවෙනවා

කැප්පෙටිපොළ සෙනවිසුරු

කළ රුපු සෙන්‌ මන්‌ දැදුරු

අවිරු විකුම්‌ පෑ අයුරු

නුඹට පුතේ වෙයි මියුරු

ජාතිය රන්‌ විමනක්‌ වේ ආගම මිණි පහනක්‌ චේ
එය රැකගන්නට මෙලොවේ

සමත්‌ වෙතොත්‌ පුත නුඹවේ",ආගම මිණි පහනක්‌ චේ,මිණි පහන,ආගම,ආගම ජීවිතේ එලිය කරනවා 
මින්දද හීසර,අමරදේව ඩබ්ලිව් ඩී,අමරදේව ඩබ්ලිව් ඩී,මඩවල එස් රත්නායක,ස්වර්ණ විමානය,2000,"මිත්දද හීසර වැදී සැළෙත හද
තංවත දුක්‌ ගී ඔ්ට ඇසෙතවද
තත්දත මල්‌ අතූරා ඇති යහතට
කත්ද කපා පායත්‌ රන්‌ පුත්‌ සඳු...../7

තුරඟෙකු පිට නැගි ත්ල වලාකුළු
ගුවත්‌ ගැබෙත්‌ ඔබ ඇදෙත වෙලේ
පිබුදුතු දෑසිත්‌ බලා හිඳිමි මම
කුසුම සිතා කැත්‌ හද පුරවා.....

මෙතුවක්‌ කල්‌ මුව මඬල වසා සිටි
අත්ධකාර සළු පටිත්‌ මුදා

තෙත්‌ මිණි පහතිත්‌ පහත්‌ කරතු මැත
අතාගතේ මත්‌ පෙත පාරා.....",නෙත් මිණි පහනින් පහන් කරනු මැන , මිණි පහන්,ඇස්,හොදින් බලා තේරුන් ගන්න 
මුවරද බර පිපි මල් ගොමු,අමරදේව ඩබ්ලිව් ඩී,අමරදේව ඩබ්ලිව් ඩී,විමල් දිසානායක,කොළොම්තොට,1985,"මුචරද බර පිපි මල්‌ ගොමු අතරේ නැත ආදරේ
දේදුන්නේ පැහැ රේඛා අතරේ නැත ආදරේ

හඳපානේ ගඟ දිය රැළි අතරේ නැත ආදරේ
ඝණ අළුරේ හුදකලාව නඟි කළුලකි ආදරේ

තුරු වදුලේ ඇල්‌ හෙවනැලි අතරේ නැත ආදරේ
රත ලවචනෙ පෙම්‌ හසරැලි අතරේ නැත ආදරේ

යුග නයනේ නිල්‌ මිණි කැට අතරේ නැත ආදරේ
ඝණ අළුරේ හුදකලාව නැඟි කළඳුලකි ආදරේ",මුවරද බර පිපි මල්‌ ගොමු අතරේ නැත ආදරේ,මල්‌ ගොමු,සිනහ,මුවේ නැගෙන සිනහවෙන් ආදරය පෙනෙන්නේ නෑ 
මුවරද බර පිපි මල් ගොමු,අමරදේව ඩබ්ලිව් ඩී,අමරදේව ඩබ්ලිව් ඩී,විමල් දිසානායක,කොළොම්තොට,1985,"මුචරද බර පිපි මල්‌ ගොමු අතරේ නැත ආදරේ
දේදුන්නේ පැහැ රේඛා අතරේ නැත ආදරේ

හඳපානේ ගඟ දිය රැළි අතරේ නැත ආදරේ
ඝණ අළුරේ හුදකලාව නඟි කළුලකි ආදරේ

තුරු වදුලේ ඇල්‌ හෙවනැලි අතරේ නැත ආදරේ
රත ලවචනෙ පෙම්‌ හසරැලි අතරේ නැත ආදරේ

යුග නයනේ නිල්‌ මිණි කැට අතරේ නැත ආදරේ
ඝණ අළුරේ හුදකලාව නැඟි කළඳුලකි ආදරේ",නිල්‌ මිණි කැට අතරේ නැත ආදරේ,නිල්‌ මිණි කැට ,ඇස් දෙක,ඇස් දෙකෙන්  ආදරය පෙනෙන්නේ නෑ 
නිල්‌ මානෙල්‌ මල්‌ පිපුනා,අමරදේව ඩබ්ලිව් ඩී,අමරදේව ඩබ්ලිව් ඩී,මඩවල එස් රත්නායක,හිම කඳු අතරින්,1982,"නිල්‌ මානෙල්‌ මල්‌ පිපුනා
නෙත්‌ සැදුනා ඒ අනුරාගී
නළල ඇගේ අඬසඳ වාගේ
මිහිර නොවෙද හදවත කාගේ

මුතු ඇටවන්‌ දන්‌ පෙළ සුදිළේ
සිනහ නැඟේ දත්චල කැල්මේ
ඇයගෙ දෙපා ළඟ මහද තැවේ
එපමණි මා ලද එකම සුවේ

දිගින්‌ දිගට නැතිවී නැතිවි
අඳුරු වුනා මල්බර ජීවේ
තනිකම මා වට පැතිර සැළේ
වීණා තන්සර මිහිර බිඳේ

පිසදාලා තනිකම ලොකේ

ලොව නැහැවූ සුගතිය ජලයේ
බුදුහිමි මම ඔබ හමුව ලොවේ
සටනට එන්නෙමි රැයද දැචේ",අඳුරු වුනා මල්බර ජීවේ,මල්බර,සතුට,දුක්බර උනා සතුටින් තිබූ ජීවිතේ 
නිම් හිම් සෙව්වා මා සසරේ,අමරදේව ඩබ්ලිව් ඩී,නිමල් මෙන්ඩිස්,ඔගස්ටාස් විනයාගරත්නම්,සසර වසන තුරු,1999,"තිමහිම සෙවුවා මා සසරේ
හමුවී යුගයෙත්‌ බැඳි යුගයේ
ළංවී වෙත්‌ වී වරිත්‌ වරේ

ඔබ හා මා රත්‌ හුයකිති බැදුනේ

දිවියේ ආශා ගැඹුරීත්‌ ගැඹුරේ
ළයගිත්‌ සතහා අපමයි නැවුනේ
ජත්මෙන්‌ ජන්මෙ රුච්‌ දීලා

ඔබ මා තෙතගේ රුදුනා

ඉරහඳ සේ මා පැතුමත්‌ පැනුවා
සැතසුම සයුරේ සුසුමත්‌ හෙළැවා
අතරත්‌ පතරේ වියැකීලා
සටතිත්‌ අද මා දිතුවා",ඔබ හා මා රන් හුයකිනි බැදුනේ,රන් හුයකිනි බැදුනා,විවාහය,අපි දෙදෙනා විවාහ වුනා
නීල කොබෙයි රැන ඇඳී,අමරදේව ඩබ්ලිව් ඩී,අමරදේව ඩබ්ලිව් ඩී,මහගමසේකර,නොදනී,නොදනී,"නීල කොබෙයි රැන ඇඳී
වී අහුලන ඉපනැල්ලේ

මාල ගිරවු පේලි ගැසීලා
නව අවුරුදු ගීත ගයනවා

වක්කඩ ළඟ දිය සුළියේ
තිත්ත පැටව්‌ කලබලයේ
ඒ නාලෙට චරල්‌ සළාලා
නව අවුරුදු නැටුම්නටනවා

ඔංචිලි චිලි චිල්ල මගේ
වැල්ල දිගට නෙල්ලි කැලේ
ගසුයි චැලුයි මලින්‌ පිරෙනවා
ගම්මානෙට අචුරුදු එනචා

නා වැටියම දළු දමලා

නා අතු අග මල්‌ පිපිලා
බාල ලියන්‌ ටිකිරි හිනා වේ
රිදී එළිය ගමට ගෙනාවේ",රිදී එළිය ගමට ගෙනාවේ,රිදී එළිය,හිරු එලිය,සුදු පාට හිරු එලිය ගමට වැටෙනවා
ඔබ මා තුරුළේ,අමරදේව ඩබ්ලිව් ඩී,අමරදේව ඩබ්ලිව් ඩී,අමරදේව ඩබ්ලිව් ඩී,බඹරෙකු ආවයි  ,2010,"ඔබ මා තුරුළේ -ගී ගයනා වේලේ
මේ වනරොද මට ස්වර්ග රාජ්‍යයි
මේ වනරොද මට ස්චර්ග රාජ්‍යයි
සුරංගනාවියනේ - සුරංගනාවියනේ
සුරාචිතයි -_ ගී පොතයි අතින්‌ ගෙන
සුරාචිතයි - ගී පොතයි අතින්‌ ගෙන
තුරු වදුළේ නිල්‌ සෙවනැල්ලේ

අද අප ජීවිත - සුමිහිරි වේ නම්‌

මළ ඊයේ ගැන ඇයි ළත චෙන්නේ

අද අප ජීවිත ~ සුමිහිරි වේ නම්‌

නූපන්‌ හෙට ගැන ඇයි වෙහෙසෙන්නේ
යළි කිව යුතු නෑ කාලය යනවා

දෙපා යටින්‌ රිංගා

ගෙනෙනු මැනවි මට පමා නොවී දැන්‌
ඔබේ සුරා විත පුරචාලා
",මළ ඊයේ ගැන ඇයි ළත චෙන්නේ,මළ ඊයේ ,පහු උන අතීතය,ඇයි පහු උන අතීතය ගැන පසු තැවෙන්නේ 
නිවන්‌ පුරට මඟ පෙන්වන ,අමරදේව ඩබ්ලිව් ඩී,ප්‍රේමසිරි කේමදාස,දර්මසිරි ගමගේ,නොදනී,නොදනී,"නිවන්‌ පුරට මඟ පෙන්චන පහන්‌ චැටක්‌ සේ
මැනික්‌ තොටින්‌ අහස උසට බුදුරැස්‌ විහිදේ
මුනි සිරිපා පහස ලැබූ හිමි වැඩි ගමනේ
දොහොත්‌ මුදුන්‌ තබා වඳිමි කැළනි විහාරේ

නා මෙනවිය පෙර කල හිඳ ළවැලි තලාවේ
තත්‌ පිරිමැද ඇඟිළි තුඩින්‌ මිණි වීණාවේ
අදත්‌ ඇසේ එදා වැයූ බුදුගුණ ගීනේ
දොහොත්‌ මුදුන්‌ තබා වඳිමි කැළණි විහාරේ

සිහිල්‌ සුළන්‌ වැදී සැළී බොපත්‌ නැළවේ
පහන්‌ හැඟුම්‌ හදේ නැගේ මෙත්‌ කරුණාවේ
චරක්‌ ඇවිත්‌ අප වැන්දොත්‌ කැළණි විහාරේ
උපන්‌ දා පටන්‌ කළ හැම පව්‌ දුරු චන්නේ",පහන්‌ හැඟුම්‌ හදේ නැගේ,පහන්‌ හැඟුම්‌,යහපත් සිතිවිලි,හිතේ යහපත් සිතිවිලි ඇතිවෙයි 
ඔබ සුමුදු නෙත්‌,අමරදේව ඩබ්ලිව් ඩී,අමරදේව ඩබ්ලිව් ඩී,කේ.එන්.ඕ.දර්මදාස,වසන්ත ගීතය,2000,"ඔබ සුමුදු නෙත්‌ කැළුම්‌ සපැමිණ ගැටීලා - මා ඇසි පියේ
පතිත වුනා ~- මහනෙල්‌ පතක්‌ සේ - නිසල රැය මත විල්‌.ජලේ
ඔබ සුසුම්‌ රේණු පවනට මුසු වුනා

පතිත වුනා ~ .මහනෙල්‌ පතක්‌ සේ - නිසල රැය මත විල්‌ ජලේ

නිල්‌ මානෙල්‌ මල්‌ පහසින - කැළඹී යයි මා හද විල

ඉවුරු බදියි නිබඳ යදින - මුදු පෙණකැටි සෙනෙහසේ

ඔබ සුසුම්‌ රේණු පවනට මුසු වුනා

පතිත වුනා - මහනෙල්‌ පතක්‌ සේ - නිසල රැය මත විල්‌ ජලේ",කැළඹී යයි මා හද විල,හද විල,හදවත,කලබලවෙයි මගේ හදවත
ඔබෙ සිනා - විකසිත වේවා,අමරදේව ඩබ්ලිව් ඩී,ප්‍රේමසිරි කේමදාස,කුලරත්න ආරියවංශ,නොදනී,නොදනී,"ඔබෙ සිනා - චිකසිත වේවා

විකසිත චේවා

නිවා.පහන්‌ ටැඹ ප්‍රාර්ථනාවේ
හලා පැතුම්‌ මල්‌ මගේ ලොවේ
මා හැර ඔබ යන නැවුමි ලොවේ
ඔබේ සිනා ~ විකසිත වේචා

අපේ නිසංසල පෙම්‌ කඳුරැල්ලෙන්‌
වළා රොදක්‌ සේ ඈතට පාවී

ඔහු පා සෙවණට ඔබ යන ගමනේ
සුසුම්‌ තැවුල්‌ ~ ඔබට නොවේචා

ඔබේ අහිංසක නෙත්‌ ගඟුලැල්ලෙන්‌
ගලා හැලෙන මුදු හසරැල්‌ දහරෙන්‌
දැවටී සෙනෙහස ඔහු අද සෙවණේ
නැවුම්‌ පැතුමි- පියුම්‌ පිපේවා",නැවුම්‌ පැතුම්‌ පියුම්‌ පිපේවා,පැතුම්‌ පියුම්‌,යහපත් ප්‍රර්ථනා,අලුත් යහපත් ප්‍රර්ථනා පහල වේවා  
පෙම්‌  රළ පතරින්‌,අමරදේව ඩබ්ලිව් ඩී,අමරදේව ඩබ්ලිව් ඩී,සුනිල් ආරියරත්න,හිම කඳු අතරින්,1982,"පෙම්‌  රළ පතරින්‌ නිබඳව නැහැවෙන
මිනිස්‌ හඬින්‌ තොර පාළු දිවයිනේ
මා තනි කර දා පාවෙන ඔබගේ
ජීවන නෞකා නොබිඳදේවා

කණකොක්‌ සුද පමණයි බොල්‌ අහසේ
සිතිජය රේඛාවේ

මුච වීණාවේ මන්ද ස්චරයෙන්‌'

මුහුද ගසඩන හඩ සචනත නොනැගේ
මා තනි කර දා පාවෙන ඔබගේ

ජීවන නෞකා නොබිදේවා

සිත්‌ සැණකෙළියේ සිතුවිලි සඳළෙළුන්‌
නිහඩව නිදා සිටී

වියරු සිනා හඞ රස ගී ගංගා

සිදී බිඳී සැහවේ සැඟවේ",ජීවන නෞකා නොබිඳදේවා,නෞකා,ගමන,ජීවන ගමනට බාධා නොපැමිනේවා 
ප්රේමයේ නිජ බිමේ,අමරදේව ඩබ්ලිව් ඩී,නොදනී,සුනිල් ආරියරත්න,නොදනී,නොදනී,"ප්රේමයේ නිජ බිමේ
සැරිසරා සොයන්නේ

බිඳී ගිය ස්නේහයේ

අසුන්දර සුන්බුන්ද

භ්රාණ වී සුසුම්ලන
ආදරේ සොහොන්‌ කොත්‌

යෝධ සුදු කුළුණු මැද
පාළු වී ගිලී ඇත

යෞචනය ථඋදා කල
ප්රේමයේ නාමයෙන්‌
ඔබේ හද ඉකි බිඳියි
ජීවිනේ ඇති තූරා
",ආදරේ සොහොන්‌ කොත්‌,සොහොන්‌ කොත්‌,අමතකවූ මතකයන් ,බිදී ගිය ආදරවල අමතකවූ මතකයන් 
පාලු අඳුරු නිල්‌ අහස මමයි,අමරදේව ඩබ්ලිව් ඩී,අමරදේව ඩබ්ලිව් ඩී,මහගමසේකර,නොදනී,නොදනී,"පාලු අඳුරු නිල්‌ අහස මමයි
ඈත දිලෙන තනි තරුව ඇයයි
යුගයෙන්‌ යුගයට හදවත්‌ ඉල්ලන
බලාපොරොත්තූව පැතූම ඇයයි
පාලු අඳුරු නිල්‌ අහස මමයි
ඈත දිලෙන තනි තරුව ඇයයි

අසාර වූ මහ පොළොව මමයි
ගලා බසින දිය දහර ඇයයි //
යුගයෙන්‌ යුගයට හදවත්‌ .නලචන
සදාකාලික චු සැපත ඇයයි

පාලු අඳුරු නිල්‌ අහස මමයි
ඈත ඳිලෙන තනි තරුව ඇයයි

කැළෑව මැද කටු පඳුර මමයි

පිපී වැනෙන මල්‌ පොකුර ඇයයි //
යුගයෙන්‌ යුගයට හදවත්‌ පුරවන
අළුරු වේදනා කැටිය ඇයයි

පාලු අඳුරු නිල්‌ අහස මමයි
ඈත දිලෙන තනි තරුව ඇයයි",පාලු අඳුරු නිල්‌ අහස මමයි,පාලු අඳුරු නිල්‌ අහස,තනි වූ කර්කශ ජීවිතය,මට ඇත්තේ තනි වූ කර්කශ ජීවිතයකි.
පාළොස්වක සඳ පායනු වැන්නේ,"අමරදේව ඩබ්ලිව් ඩී, නීලා වික්‍රමසිංහ",ප්‍රේමසිරි කේමදාස,අජන්තා රණසිංහ,බඹරෙකු ආවයි  ,2010,"පාළොස්වක සඳ පායනු වැන්නේ
සොඳුරු කිඳුරු රුව ආල වඩන්නේ
සිතුම්‌ පැතුම්‌ ඉටු වේවිද මන්දා
පූරුවේ කල පිං අපට කොයින්දා
පූරුවේ කල පිං අපට කොයින්දා

සැතපෙන නින්දෙදි රෑ තුන්යම
හීන හතක්‌ පෙනුනා

සඳ කිඳුරෙකු ලෙසිනා එමසඳ
ඔබේ රුව මංදුටුවා

සියුමැලි වත දකිනා

මා නෙත ආල මතින්‌ බැළඳුනා
මියුරු තෙපුල්‌ නගනා
සවනත බිගු ගී රැව්‌ නගනා
සවනත බිගු ගී රැව්‌ නගනා

පංළොස්චක සඳ...

කියා ගන්න බැරුවා හිතු දේ තොල්‌ අතරේ රැඳුනා
මනාපදෝො මන්දා මාගෙ සිත ආදර මල්‌ පිපුණා

තුන්භතිරි ගෙලට ළඳේ රිදියෙන්‌ මාල පොටක්‌ දෙන්නා
එරබදු මල්‌ මාසේ

නැකතට කැන්දාගෙන යන්නා

නැකතට කැන්දාගෙන යන්නා

පාළොස්වක සඳ...
",මාගෙ සිත ආදර මල්‌ පිපුණා,මල්‌ පිපුණා,සිතිවිලි පහල වුනා ,මගේ සිතේ ආදර සිතිවිලි පහල වුනා 
රැණ ගිරා ජොඩුවයි ,"අමරදේව ඩබ්ලිව් ඩී, නන්දා මාලනී",ප්‍රේමසිරි කේමදාස,ධර්මසිරි ගමගේ,රෑන ගිරව් චිත්‍රපටිය ,1967,"රැණ ගිරා ජොඩුවයි - හාද චෙලා ආදරෙයි
රැණ ගිරා ජෝෞඩුවයි

වනන්තරේ චෙනසක්‌ නෑ - පෙමි සිතුවිලි පෑදේ
පෙමි සිතුවිලි පෑදේ

හිත ගිය තැන ආදර රජ මාලිගාව සෑදේ

රැණ ගිරා ජොඩුවයි

වන රේඛා මැද ~ සීතල හෙවණේ

අත්‌ වැල්‌ බැඳ යන ~ ආදර ගමනේ
හුරතල්‌ දැනිලයි - දුක්‌ ගිනි නිවුණේ
සිනහ කුසුමි තොල්‌ ~ පෙති අග පිපුනේ

රැණ ගිරා ජොඩුවයි ~- හාද චෙලා ආදරෙයි
රැණ ගිරා ජොඩඬුවයි

මල්‌ පෙති උඩ පෙම්‌ - සෙවණැලි ඇඳිලා
දිය රැළි ඒ දැක - එබිකම්‌ කරලා

කඳු මුදුනේ සිට - පහළට පැනලා

විහිළු කරයි මේ ජොඩුව දැකලා

රැණ ගිරා ජොඩුවයි - හාද වෙලා ආදරෙයි
රැණ ගිරා ජොඩුවයි

වන රේටා මැද....

රැණ ගිරා ජොඩඬඩුචයි - හාද වෙලා ආදරෙයි
රැණ ගිරා ජොෞඩුවයි",හිත ගිය තැන ආදර රජ මාලිගාව සෑදේ,රජ මාලිගාව,මහත් වූ බලාපොරොත්තු,හිත ගිය පුද්ගලයා ගැන මහත් වූ ආදර බලාපොරොත්තු පහලවේ 
රැණ ගිරා ජොඩුවයි ,"
අමරදේව ඩබ්ලිව් ඩී, නන්දා මාලනී",ප්‍රේමසිරි කේමදාස,ධර්මසිරි ගමගේ,රෑන ගිරව් චිත්‍රපටිය ,1967,"රැණ ගිරා ජොඩුවයි - හාද චෙලා ආදරෙයි
රැණ ගිරා ජෝෞඩුවයි

වනන්තරේ චෙනසක්‌ නෑ - පෙමි සිතුවිලි පෑදේ
පෙමි සිතුවිලි පෑදේ

හිත ගිය තැන ආදර රජ මාලිගාව සෑදේ

රැණ ගිරා ජොඩුවයි

වන රේඛා මැද ~ සීතල හෙවණේ

අත්‌ වැල්‌ බැඳ යන ~ ආදර ගමනේ
හුරතල්‌ දැනිලයි - දුක්‌ ගිනි නිවුණේ
සිනහ කුසුමි තොල්‌ ~ පෙති අග පිපුනේ

රැණ ගිරා ජොඩුවයි ~- හාද චෙලා ආදරෙයි
රැණ ගිරා ජොඩඬුවයි

මල්‌ පෙති උඩ පෙම්‌ - සෙවණැලි ඇඳිලා
දිය රැළි ඒ දැක - එබිකම්‌ කරලා

කඳු මුදුනේ සිට - පහළට පැනලා

විහිළු කරයි මේ ජොඩුව දැකලා

රැණ ගිරා ජොඩුවයි - හාද වෙලා ආදරෙයි
රැණ ගිරා ජොඩුවයි

වන රේටා මැද....

රැණ ගිරා ජොඩඬඩුචයි - හාද වෙලා ආදරෙයි
රැණ ගිරා ජොෞඩුවයි",සිනහ කුසුමි තොල්‌ පෙති අග පිපුනේ,සිනහ කුසුමි,මද සිනහ ,මද සිනහ පනවා
සඳකත්‌ පිණි දිය,අමරදේව ඩබ්ලිව් ඩී,ලයනල් අල්ගම,මහගමසේකර,පරසතු මල් චිත්‍රපටිය,1966,"සඳකත්‌ පිණි දිය දිය වී ගලනා - සීතල කඳු අතරේ
හද ගොළු චී ඉකි බිඳ ඔබ හඬනා හඬ ~ මා සවනේ පෑදේ

නිසංසලේ රැ අහසේ ~ නිසංසලේ රෑ ඝන බොල්‌ අහසේ
මිලාන වූ බොල්‌ එළියේ  ඹබේ නුවන්‌ මිණි පහන්‌ නැගී
ඇවිලේ මා දෑසේ

සුසුමි හෙළන තුරු ළතා ළපල්ලේ - සිහිල්‌ සුළඟ හා වෙළී
මගේ කචුළු දොර තුලින්‌ එබී - ඔබ සොයා ඇදේ", ඹබේ නුවන්‌ මිණි පහන්‌ නැගී,මිණි පහන්‌,ඇස්,ඔබේ ඇස්  සිහිවී 
සීතල වතුර ගලයි,අමරදේව ඩබ්ලිව් ඩී,ප්‍රේමසිරි කේමදාස,ජෝර්ජ් ලෙස්ලි රණසිංහ,සීතල වතුර චිත්‍රපටිය,1966,"සීතල වතුර ගලයි ~සිතුවිලි තරඟ නටයි

ඈත බලා යන මේ දිය දහරා ~ ජීවන ගමනේ රහස කියයි
බාධක ගල්‌ පර තිබුණන්‌ මතූ වී - ජයබිමං සොයමින්‌ පෙරට ඇදෙයි

ලස්සන දියවැල්‌ කලකදි සිඳිලා ~ සුදු වැලි ගොඩවී වියළෙනවා
මල්‌ පෙති ගිලිගී ගහ කොළ මැළවී - බිම ඉරි තලලා පුපුරනවා",බාධක ගල්‌ පර තිබුණන්‌ මතූ වී,බාධක ගල්‌ පර,කරදර බාදක,කරදර බාදක ආවත්
සසර වසන තුරු,අමරදේව ඩබ්ලිව් ඩී,අමරදේව ඩබ්ලිව් ඩී,ඩෝල්ටන් අල්විස්,සසර වසන තුරු,1999,"සසර වසන තුරු
නිචන්‌ දකින තුරු...//)
පින්‌ කෙත හෙළ රන්‌ දෙරණේ
යළි උපදින්නට

හේතූ වාසනා වේවා

හේතූ වාසනා

(රත්නමාලි සෑ කිරණයි මහ බෙ) සෙවණයි
තිසා වැවයි සීගිරියයි මගේ උරුමයයි...//)

(සසර වසන තුරු

නිචන්‌ දකින තුරු...//)

පින්‌ කෙත හෙළ රන්‌ දෙරණේ
යළි උපදින්නට

හේතූ වාසනා වේවා

හේතූ වාසනා
",හෙළ රන්‌ දෙරණේ,රන්‌ දෙරණ,ශ්‍රී ලංකාව,වටිනා දේශය 
ශාන්ත මේ රෑ යාමේ,අමරදේව ඩබ්ලිව් ඩී,අමරදේව ඩබ්ලිව් ඩී,අමරදේව ඩබ්ලිව් ඩී,වැලි තල අතරේ,2002,"ශාන්ත මේ රෑ යාමේ
කුමුදු මලේ සිරියා
සඳකාන්ති චැදී සෞම්‍යා...//

එයි නැගී. ... ප්‍රේම තරංගා
එයි නැගී හද ප්‍රේම තරංගා
මේ අමා දහරේ ~ මේ අමා දහරේ
නේක තුරුලිය නැළවෙන්නේ
මේ සීතල මද පවනේ...

ශාන්න මේ රැ යාමේ ..:./
හා ඇසේ වන කොෞොකිල ගීතේ
හා ඇසේ වන කෝකිල ගීනේ
සොක යාවි සිඳිලා වෙසඟ මේ පුන්‌ පොදා
මා ගිමි දිනු තෛලොනා...

ශාන්ත මේ රැ යාමේ.../7
මේ රැයේ ගීත ගයාලා
මේ රැයේ ගීත ගයාලා
සුන්දර රඟ පාලා

අනි සොබන මේ උයනේ
අපි නැළවෙමු පෙම්‌ දහරේ...

ශාන්ත මේ රැ යාමේ...//",එයි නැගී හද ප්‍රේම තරංගා,තරංගා,සිතිවිලි,හදවතේ පෙම් සිතිවිලි පහල වෙයි
සංසාරේ එක මොහොතක්‌,අමරදේව ඩබ්ලිව් ඩී,අමරදේව ඩබ්ලිව් ඩී,හෙන්රි ජයසේන,රන් දහදිය බින්දු,1980,"සංසාරේ එක මොහොතක්‌ නැවතිලා
කල්පයක්‌ ගෙවුණි හදචත ගොළු වෙලා
ලොවම සසල විය ~ ලොවම නිසල විය
ඔබේ නීල නෙතූ රැහැනේ දැවටීලා
වසන්තයේ පෙමි කුළුදුල්‌ කැකුළු පිපීලා
පෙමි කැකුළු පිපීලා

එක මොහොතක සංසාරේ මාංනැවතුණේ
පුරා කල්පයක්‌ ගෙවුනි ද හද ගොළු වෙලා
මුවින්‌ නොකී බස ~ නුවන්‌ අගින්‌ බැස
ඔබේ නීල නෙතූ රැහැනේ දැවටීලා
වසන්තයේ පෙමි කුළුදුල්‌ කැකුළු පිපීලා
පෙමි කැකුළු පිපීලා
",පෙමි කුළුදුල්‌ කැකුළු පිපීලා,කැකුළු,හැගුම්,කුලුදුල් පෙම් හැගුම් පහල වෙලා 
සිරිපා පියුමේ,අමරදේව ඩබ්ලිව් ඩී,අමරදේව ඩබ්ලිව් ඩී,මහගමසේකර,රන්සළු චිත්‍රපටිය,1967,"සිරිපා පියුමේ රොන්‌ සුනු තැවරී
ගිමන්‌ නිවන පවන්‌ හමා ඒ
නිවී පහන්‌ වී ලය සැනහේ

නිවන්‌ දොරට මග පානා
සමනොළ රන්ගිර මුදුනේ
බැන්ද වියන්‌ සේ

අරුනු වලා රන්‌ සළු පැටලේ
සිත කිමිදේ

ලොව්තූරු සුවදේ

කෙලෙස්‌ මලින්‌ පිරි සිත සුවපත්‌ වී

පාවී යයි නිසංසලේ

මහ රහතුන්‌ වැඩි මග ඔස්සේ
වලා අතුළ කළු චැටි අතරේ",කෙලෙස්‌ මලින්‌ පිරි සිත සුවපත්‌ වී,කෙලෙස්‌ මල,කෙලෙස් සිතිවිලි,කෙලෙස් සිතිවිලි පිරි සිත සුවපත් වී  
සිහින නෙළුම් මල,අමරදේව ඩබ්ලිව් ඩී,අමරදේව ඩබ්ලිව් ඩී,ධර්මසිරි ගමගේ,අමර ගී සර,1980,"සිහිත තෙළුම මල ජීවිත පොකුණේ
දෑස අබියස පිඵී සැලේ
දෑස අබියස පිඵී සැලේ
සිහිත තෙ ළැම මල ජීවිත පොකුණේ

තූත්‌ යම ගත වූ ජීවිතයේ
අරුණ ථළූ තැගෙතා පභාතයේ //
අහස ඉසවච්වෙත්‌ ඔබ මා දුටුවේ
ඊද්‌ පහත්‌ තරුවක්‌ වාගේ
ඊදී පහත්‌ තරුවක්‌ වාගේ

දෑස වසාගෙත මැදියම යාමේ
යහතත වැතරී තදත වෙලේ //
කවියක්‌ ලෙස ඔබ හදවත ගුලි වී
මා හද පිරිමැද අවදිකලා

මැදියම අචවදීි ව හැබැහිත්‌ දුටුවෙමි
පෙරයම තත්දේ දුටු සීතේ

එහෙත්‌ සිහිතයක්‌ වේ දෝ එය යළි
ජීවිතයේ අත්තිම යාමෙ", ඔබ මා දුටුවේ රිදී පහත්‌ තරුවක්‌ වාගේ,රිදී පහත්‌ තරුව,ආදරය කරන තරුණිය ,ඔබව මට ඉතා වටිනා කොට දැනුනා
සිතිවිලි ඔපලා,"අමරදේව ඩබ්ලිව් ඩී, චරිතා ප්‍රියදර්ශනී පීරිස්",අමරදේව ඩබ්ලිව් ඩී,රඹුක්කන සිද්ධාර්ථ හිමි ,සල් මල් යාය,2004,"සිතිවිලි ඔපලා දිය ඇලි සේ සරසා
මව්චරු සිටියා ඉපනැලිසේ ඉවසා

(ඒ බොසත්‌ ගුණ දකිනා දරුවන්‌
ඉර හඳ සේ මුළු ලොචට වටිනවා...//)

කළථුලැලි සභචා හසරැලි මුව ගවසා
පියවරු සිටියා කඳුවැටි සේ වටලා

ඒ බොසසත්‌ ගුණ දකිනා...//

සෙනෙහස දල්වා සඳමිණිකැන්‌ අතුරා
ගුරුවරු සිටිය, ගණදෙවි බල පතුරා

ඒ බොසත්‌ ගුණ දකිනා...//
සිතිවිලි ඔපලා දියඇලි සේෙ....
ඒ බොසත්‌ ගුණ දකිනා...//",මව්චරු සිටියා ඉපනැලි සේ ඉවසා,ඉපනැලි,අම්ම,අම්මල සියලු දුක් නොසලී ඉවසන් සිටී 
සිතිවිලි ඔපලා,"අමරදේව ඩබ්ලිව් ඩී, චරිතා ප්‍රියදර්ශනී පීරිස්",අමරදේව ඩබ්ලිව් ඩී,රඹුක්කන සිද්ධාර්ථ හිමි ,සල් මල් යාය,2004,"සිතිවිලි ඔපලා දිය ඇලි සේ සරසා
මව්චරු සිටියා ඉපනැලිසේ ඉවසා

(ඒ බොසත්‌ ගුණ දකිනා දරුවන්‌
ඉර හඳ සේ මුළු ලොචට වටිනවා...//)

කළථුලැලි සභචා හසරැලි මුව ගවසා
පියවරු සිටියා කඳුවැටි සේ වටලා

ඒ බොසසත්‌ ගුණ දකිනා...//

සෙනෙහස දල්වා සඳමිණිකැන්‌ අතුරා
ගුරුවරු සිටිය, ගණදෙවි බල පතුරා

ඒ බොසත්‌ ගුණ දකිනා...//
සිතිවිලි ඔපලා දියඇලි සේෙ....
ඒ බොසත්‌ ගුණ දකිනා...//",පියවරු සිටියා කඳුවැටි සේ වටලා,කඳුවැටි,පියා,පියවරු ශක්තිමත්ව සියලු බාදක වලින් පවල ආරක්ෂා කරගනී
සීත පිණි බිඳු,අමරදේව ඩබ්ලිව් ඩී,ප්‍රේමසිරි කේමදාස,කුලරත්න ආරියවංශ,නොදනී,නොදනී,"සීත පිණි බිඳු අතුරවා ~ නිල්‌ උපුල්‌ මත තවරා
සොෞොකයෙන්‌ මැළවුණු ඔබේ - නෙත කදුළු සිහිංගන්වා
මා නුවන්‌ ~ කළඹයි ~ උදෑසන අවුදින්‌

ඈත කඳු නිම්නෙන්‌ - ගලා යන ~ දිනිඳු රැස්‌ දහරින්‌
අචර ගිරේ සිතූවමි මැවී - සේ සිහින ලොව අපගේ
මා සිතුම්‌ කළඹයි - සැඳෑ කල අවුදින්‌

නීලඹර කර හුදකලා ~ සුමුදු සඳවත සඟවලා

සුසුමි ලන ඝනදුර මවා

මගේ ලොවට ඔබ කචරදා වත්‌. නො~එන බව සඟවා
ජීවිතය හඬවයි -~ රාත්‍රිය අවුදින්‌",නිල්‌ උපුල්‌ මත තවරා,නිල්‌ උපුල්‌,ඇස්,ඇස් මත තවරලා
ස්වර්ණ විමානෙට එහා ලොකයෙන්‌,අමරදේව ඩබ්ලිව් ඩී,අමරදේව ඩබ්ලිව් ඩී,මඩවල එස් රත්නායක,අමර ගී සර,1980,"ස්වර්ණ විමානෙට එහා ලොකයෙන්‌
ඔරුවට ගොඩවී මා එනවා

ස්වර්ණ වර්ණ රන්‌ එළිය දකින්නට
නළ රැලි මත නැඟිලා එනවා
ස්වර්ණ විමානෙට එහා ලොකයෙන්‌

(රැල්ලේ පාවී වැල්ලේ බිහිවන

සංගීතෙන්‌ අප හමුවෙනවා...//)
සැන්දෑ යාමේ පෙම්‌ රස කළනා
සැන්දෑ යාමේ පෙම්‌ රස කළනා
සාගර ජල කඳ නැලැවෙනවා....

ස්වර්ණ විමානෙට එහා ලොකයෙන...,.

(මුතූ බෙලි කටුකිරි කවඩි පුරාගෙන
ඔරුවට ගොඩවී මා එනවා...//)

මගේ අනාගත පැතුම්‌ විමානෙට

මගේ අනාගත පැතුම්‌ විමානෙට
සෙනෙහස පොදි බැඳ ගෙන එනවා....

ස්වර්ණ විමානෙට එහා ලොකයෙන.....",මගේ අනාගත පැතුම්‌ විමානෙට,පැතුම්‌ විමානෙ,ප්‍රාර්තනාවන්,මගේ අනාගත ප්‍රාර්තනාවන්  ඉටු කර ගැනීමට
හිම දියවී හිමාලයේ,අමරසිරි පීරිස්,ඩෙනිස්ටර් පෙරේරා,ධම්මික බණ්ඩාර,නොදනී,70-90 දශකය  ,"හිම දියවී හිමාලයේ

යමුනා ගඟ නගයි තරංගා..
සුදු පෙණ කැටි බලන්න රාධා..
සුළඟ හමයි සීතල සාදා..
සීතල ගිනි ගනීද ක්රිෂ්ණා..


සිනා රැලි නගා උතුරණ
ඔය හදවත් නීල ජලාසේ..
පීණන මේ ස්වර්ණ හංසයෝ..
අකීකරුද මෙතරම් රාධා..

ඉඩ දී දෙන්නට දඩුවම්
දෑස පියා ගන්නම් ක්රිෂ්ණා..

හිම දියවී හිමාලයේ

යමුනා ගඟ නගයි තරංගා..
සුදු පෙණ කැටි බලන්න රාධා..
සුළඟ හමයි සීතල සාදා..
සීතල ගිනි ගනීද ක්රිෂ්ණා..


මල් පෙති පොඩිවී ඉකිලන
මේ හෝපලු යහන් තලාවේ..
සඳ දිය මිණිමෙවුලට වැටිලා..
දෑස නිලංකාරයි රාධා..

ගිලිහී ගියදෙන් මිණි කැට
දෑස වසා ඉන්නම් ක්රිෂ්ණා..

හිම දියවී හිමාලයේ

යමුනා ගඟ නගයි තරංගා..
සුදු පෙණ කැටි බලන්න රාධා..
සුළඟ හමයි සීතල සාදා..

සීතල ගිනි ගනීද ක්රිෂ්ණා..",හදවත් නීල ජලාසේ,නිල් පැහැති ජලාශය, හදවත,පිරිසිදු 
මේ ඉරයි හඳයි තනි අහසක,අමරසිරි පීරිස්,කපිල අපරැක්ක,නාරද විජේසූරිය,සුදු මැණිකේ,1994,"මේ ඉරයි හඳයි තනි අහසක පායන දවසක

එක මොහොතක් මගේ වෙලා උයනක වෙරළක...
එදා වගේ හමුවන්නට සුන්දර හවසක
හීන මවනවද හිර වී...
හිමි නැති පපුවක...

රුදු වදන් කටු ඇනී හීරුණු සමනල තටු වල
මුදු බැලුම් පවන් රැල් අතුරා නිවාලන්න දුක
රුදු වදන් කටු ඇනී හීරුණු සමනල තටු වල
මුදු බැලුම් පවන් රැල් අතුරා නිවාලන්න දුක
සුර ගඟක් ගලා ගිය නිම්නෙක නොතෙමා යටි හිත
පිනි බිඳක් වෙලා පිපුණත් ඇති ආදර පවසට...

අකුරු වලට පෙරළෙන්නැති දරදඬු සුසුමට
මිතුරු ඇස් වලින් සඟවන උණුසුම් කඳුළට
අකුරු වලට පෙරළෙන්නැති දරදඬු සුසුමට
මිතුරු ඇස් වලින් සඟවන උණුසුම් කඳුළට
ඔහෙ ගලා යන්න ඉඩ දී හිත ඉල්ලන තාලෙට
ආදරේ හොයමු අපි ඉස්සර හංගපු තැන් වල…
මේ ඉරයි හඳයි තනි අහසක පායන දවසක

එක මොහොතක් මගේ වෙලා උයනක වෙරළක
එදා වගේ හමුවන්නට සුන්දර හවසක
හීන මවනවද හිර වී...
හිමි නැති පපුවක...",රුදු වදන් කටු,කටු ,වචන ,කර්කශ 
දිගැසියේ දිගු නීල නයන,අමරසිරි පීරිස්,නවරත්න ගමගේ,ප්‍රභාත් වෙත්තසිංහ,නොදනී,70-90 දශකය  ,"දිගැසියේ දිගු නීල නයන
නිල්‌ විලේ පිහිනා යන්නට
අවසර ඇත්නම්‌ //,
සඳාදියේ සඳ සිහින සිඹින
තරු ඇසේ මෘදු සිහින පතක
දැවටි ඉන්නම්‌.

ගිමනිවා ගිම්භානයේ.
මල්‌ පොකුරු පුරෝගෙන
ලියමඩොළු රටා වියනා,
හසකැන්‌ ලිහා වස්සානයේ
ඇවිදන් යන්න යමු ප්‍රේමියේ  

දිගැසියේ දිගු නීල නයන
නිල්‌ විලේ පිහිනා යන්නට
අවසර ඇත්නම්‌ //

තටු සලා නිල අකාහයේ 
පවනැල්ලේ එතීගෙන  
සිත් කවුළු පියන් හරිනා 
සුවදින් නුඹේ කින්දුරාවියේ 
හැඟුමන් දෙන්න කල්පාන්තයේ ",තරු ඇසේ,තරුව ,ඇස,දිලිසෙන 
මේ එකම සඳක් යට,අමරසිරි පීරිස්,කරුණාරත්න විජේවර්ධන,ඉන්ද්‍රසිරි සුරවීර,නොදනී,70-90 දශකය  ,"මේ එකම සඳක් යට දෙහදක් හමුවී
වියැකි යන්නට වරම් පතන රුදු කාලයයි
සැනසුම් වදනින් හද පිරි මැද යයි
වසත් ගීතයක රාවයයි

ආගන්තුක හමුවීමේ ලෙන්ගතුවු මුදු කමලේ
සුවඳ විහදවු පිපුණු මලකි නුඹ
පුංචි නැගනියේ ..
මගෙ ආදරියේ ..

කඳුලක සැඟවි රැදුනේ
සොඳුරු බවයි හමුවීමේ
බිහිදොර අභියස විකසිත කුසුමකි
පුංචි නැගනියේ ..
මගෙ ආදරියේ ..

මේ එකම සඳක් ...",පිපුණු මලකි නුඹ,මල,පෙම්වතිය ,සුවඳවත්
මේ එකම සඳක් යට,අමරසිරි පීරිස්,කරුණාරත්න විජේවර්ධන,ඉන්ද්‍රසිරි සුරවීර,නොදනී,70-90 දශකය  ,"මේ එකම සඳක් යට දෙහදක් හමුවී
වියැකි යන්නට වරම් පතන රුදු කාලයයි
සැනසුම් වදනින් හද පිරි මැද යයි
වසත් ගීතයක රාවයයි

ආගන්තුක හමුවීමේ ලෙන්ගතුවු මුදු කමලේ
සුවඳ විහදවු පිපුණු මලකි නුඹ
පුංචි නැගනියේ ..
මගෙ ආදරියේ ..

කඳුලක සැඟවි රැදුනේ
සොඳුරු බවයි හමුවීමේ
බිහිදොර අභියස විකසිත කුසුමකි
පුංචි නැගනියේ ..
මගෙ ආදරියේ ..

මේ එකම සඳක් ...",විකසිත කුසුමකි,මල ,පෙම්වතිය ,සුවඳවත් 
මේ කිරුල බර වැඩී දේවී,අමරසිරි පීරිස්,රෝහණ වීරසිංහ,බණ්ඩාර ඇහැලියගොඩ,නොදනී,2021,"මේ කිරුල බර වැඩී දේවී
ගිනි ගැනී ලය රිදුම් දේවී
ඔබම පැලඳූ සිරස
ප්‍රේමයේ මිණි කිරුල 
තවම මා හිස රඳයි දේවී
එයම මට බර වැඩී දේවී

සඳ කිඳුරු භවේ සිට ආමී
දුක සතුට සමව ඉවසීමී
එදා සිට සපථ කල 
ප්‍රේමයෙන් ආතුරව 
පැමිණි මග මෙයින් නිම වේවී
සමු ගන්න අවසරයි ස්වාමී

මිතුරියක සොයුරියක 
සෙනෙහසම පිදු මවක
මග නොමග කියා දුන් 
ඇදුරුතුමියයි වරෙක
සංසාර සාගරෙන් පාවී 
මවෙත ආ සඳකිඳුරු දේවී

මිතුරියක සොයුරියක මවක පිය සොඳුරියක
මග නොමග කියා දුන් ඇදුරුතුමියව වරෙක
ආ ගමන නිමා කර පේවී 
නික්ම යයි සඳකිඳුරු දේවී

රැයම නොනිදා රැඳි
මගේ නෙතු මත හිඳී
මතක ගිලිහෙනු නොදී
ඔබ මසිත පිරිමදී
සසර මග අත නොහැර පේවී
යලි එකට මුන ගැහෙමු දේවී

දෙසිත් යා කර බැඳී
ප්‍රේමයට ඉඩ නොදී
යන මොහොත ඇත යෙදී
මේ භවය මට මදී
පෙර පුරුදු ස්නේහයම පාමී
අපි යලිදු මුන ගැහෙමු ස්වාමී",මග නොමග කියා දුන් ඇදුරුතුමිය,ගුරුතුමිය,පෙම්වතිය,ගුරුහරුකම් ලබාදුන් 
මේ ප්‍රේමයද,අමරසිරි පීරිස්,අමරසිරි පීරිස්,බණ්ඩාර ඇහැලියගොඩ,නොදනී,නොදනී,"මේ ප්‍රේමයද
ප්‍රේමයේ සිපිරි ගෙදරද //

අහිමි වීමන්‌ බියන්‌ කැටිකොට
තනා  සිපිරි ගෙයක්‌.
සිරකලා  මා //
ප්‍රේමයෙන්‌ උමතු ළඳක්‌.

මේ ප්‍රේමය ද

රනලියෙවි දිසි රුසිරු අහනන්‌
දකින මා දෙනුවන්‌.
අඳ කරයිදෝ //
ප්‍රේමයෙන්‌ උමතු ළඳක්‌.

මේ ප්‍රේමය ද //",ප්‍රේමයේ සිපිරි ගෙදර,සිර ගෙය,ප්‍රේමය ,අසුන්දර 
නියගයට පසු වට,අමරසිරි පීරිස්,සරත් පීරිස්,ජයන්ත ජෝතියරත්න,නොදනී,2014,"නියගයට පසු වට මහා වැස්සකි නුඹ
තනිකමේ රුදු නියගයෙන්‌ මා දැවෙද්දී

වැවේ පතුලෙන්‌ නැගෙන සුසුමන්‌
වේදනා දුක නිවා.
ස්නේහයේ වැසි බිංදු අරගෙන නුඹ ඇවිත්‌
නෙළුම්‌ පිපුණා  හිත පුරා.
සරැලි නැගුවා  නෙතු පුරා.

දුකෙන්‌ තැවෙනා  වියළි තුරු පත්‌
වේදනා  දුක නිවා.
ස්නේහයේ වැසි බිංදු අරගෙන නුඹ ඇවිත්‌
කුසුම් පිපුන හිත පුරා 
ලදලු නැටුවා නෙතු පුරා ",තනිකමේ රුදු නියගයෙන්‌,භයානක නියගය,තනිකම,අසහනකාරී 
නියගයට පසු වට,අමරසිරි පීරිස්,සරත් පීරිස්,ජයන්ත ජෝතියරත්න,නොදනී,2014,"නියගයට පසු වට මහා වැස්සකි නුඹ
තනිකමේ රුදු නියගයෙන්‌ මා දැවෙද්දී

වැවේ පතුලෙන්‌ නැගෙන සුසුමන්‌
වේදනා දුක නිවා.
ස්නේහයේ වැසි බිංදු අරගෙන නුඹ ඇවිත්‌
නෙළුම්‌ පිපුණා  හිත පුරා.
සරැලි නැගුවා  නෙතු පුරා.

දුකෙන්‌ තැවෙනා  වියළි තුරු පත්‌
වේදනා  දුක නිවා.
ස්නේහයේ වැසි බිංදු අරගෙන නුඹ ඇවිත්‌
කුසුම් පිපුන හිත පුරා 
ලදලු නැටුවා නෙතු පුරා ",ස්නේහයේ වැසි බිංදු,වැහි බින්දු,සෙනෙහස ,සුවදායි 
රාත්රිය සිරගෙයක්,අමරසිරි පීරිස්,දර්ශන රුවන්,රජී වසන්ත වෙල්ගම,ගංගා ගලා යාදෙන්,2011,"රාත්රිය සිරගෙයක්
අන්ධකාරය රුදුරු දඩුවමක්
ප්රේමයේ වරද කළ
පරාජිත පෙම්වතුනි
නුඹලාට රාත්රිය සිරගෙයක්

අන්ධකාරය රුදුරු දඩුවමක්
අන්ධකාරය රුදුරු දඩුවමක්

නින්ද විඳි කෙනෙක් නම් ඔබ
දැකිය යුතුම වේ සිහිනයක්
ආදරය කළා නම්
පහන් කළ යුතුය
නිදි නැති රැයක්

හදවතක්
තිබුණි නම්
තිබිය යුතුවේ
ඔබට ප්රේමයක්
ප්රේමයක් තිබුණු තැන
සැඟව ඇති
සදාතන ශෝකයක්

රාත්‍රිය සිරගෙයක්අන්ධකාරය රුදුරු දඩුවමක්",රාත්‍රිය සිරගෙයක්,සිරගෙය,රාත්‍රිය,කරුවල 
මගේ පුංචි රෝස මලේ,අමරසිරි පීරිස්,ඩෙනිස්ටර් පෙරේරා,දම්මික බණ්ඩාර,සඳුද අවදියෙන් ,1995,"මගේ පුංචි රෝස මලේ
මමයි නුඹේ වියපත් බඹරා
නුඹ හීනෙන්වත් නොදකින කුමරා...
නුඹ හීනෙන්වත් නොදකින කුමරා...


කලුවර රෑ හඳක්‌ වගේ
අහසේ නුඹ ඉන්නව නම්
ආසයි මම නොකී කවිය නුඹට කියන්න
තරහක්‌ නෑ නුඹ බැස යන්න...

මගේ පුංචි රෝස මලේ...

මගේ පුංචි නවාතැනේ
ඇවිදින් සැරි සරනව නම් 
ආසයි මං කවුළු පියන් ඇරලා තියන්න
තරහක්‌ නෑ නෑවිත් ඉන්න...

මගේ පුංචි රෝස මලේ...",රෝස මලේ,රෝස මල,කාන්තාව,ලස්සනයි 
සක්මන්‌ සඳ ඉක්මන්‌ කර,අමරසිරි පීරිස්,ශාන්ත ජයලත් තිසේර,ශාන්ත ජයලත් තිසේර,නොදනී,2012,"සක්මන්‌ සඳ ඉක්මන්‌ කර පෝය දාට එයි
ගොම්මන්‌ හිත පහන්‌ එළිය පිළිබඳ සිතමයි
ළං වෙන්නට විදියක්‌ නෑ හිතෙන්‌ විතරමයි
සුවඳක්‌ මිස ඔබ ළඟ නෑ හීනයක්‌ වගෙයි ...//7/

නින්දයාය පුරා දුවන කන්දෙ හෙවණැලි
දුවනවා වගෙයි නුඹ ගැන මගේ සිතිවිලි ...///
නාන තොටේ නුඹගේ මැණික් දෑස මුණ ගැසෙයි
යන්න බයයි ඒ දණ්ඩෙන්‌ හිතත්‌ කලබලයි

සක්මන්‌ සඳ ඉක්මන්‌ කර පෝය දාට එයි.....

බිංදු පොදට පිල්කඩේට මං දුව එන්නම්‌
පිල්කඩේ ටිකක්‌ ඉඳලා ඇතුළට එන්නම්‌ ...///
සද්ද නොකර හිටියෝතින්‌ ඉද්ද ගැසූ මෙන්‌
දෙතොලේ සුසුමක්‌ තියලා ආපහු යන්නම්‌

සක්මන්‌ සඳ ඉක්මන්‌ කර පෝය දාට එයි",මැණික් දෑස,මැණික් ,දෑස,දිලිසෙන 
සල් සමන් සුගන්ධිනී,අමරසිරි පීරිස්,උපාලි ද සිල්වා,හේමසිරි ගුණතුංග,ස්නේහයේ නගරයයි ,2001,"සල් සමන් සුගන්ධිනී වසන්ත විල් තෙරේ...

මල් තරංගයක් වෙමී ඔබේ නුවන් දොලේ..
සල් සමන් සුගන්ධිනී වසන්ත විල් තෙරේ...
මල් තරංගයක් වෙමී ඔබේ නුවන් දොලේ..


මා පැතුම් ගෙනා...රෑ පහන් වුණා..

මල් මණා ලියයි උදෑසනේ...
ස්නේහයේ රුවන්...දැල් වුණා පහන්...
රොන් සොයා වඩින්න පා සෙනේ...


රෑ සඳේ සිනා...තුෂාරයෙන් ගෙනා...

ආදරේ රිදී කලාලයේ...
මන්ද හාසයෙන්..පීදුණා ලවන්..
පා තබා වඩින්න පා සෙනේ...

සල් සමන් සුගන්ධිනී..වසන්ත විල් තෙරේ
මල් තරංගයක් වෙමී..ඔබේ නුවන් දොලේ",ස්නේහයේ රුවන්,මැණික්,සෙනෙහස,වටිනා 
සැලෙන දිවි මග නොසැලෙනා සිත,අමරසිරි පීරිස්,රෝහණ වීරසිංහ,නොදනී,සඳළුතලය (ටෙලි නාට්‍යය),1991,"සැලෙන දිවි මග නොසැලෙනා සිත
සුතන බර හිස උසුලනා

සිහින පොදියකි ජීවිනේ
සඳළනලයට ලසුලනා

නිබඳ දළ රළ නැගෙන දියඹක
පහුර පැද යන තනි සිතින්‌
දිරිය මව නම්‌ ලබන්න්‌ පුර වීරිය පාරමි

ගැටලු සැඩ නල වදිත දසනින්‌
දෙදෙරවා ගිහිගෙය බැඳුම්‌
මහා මෙරක්‌ සේ නැගෙන්නි
දරා මිහිකත සේ තැවුල්‌

මවක්‌ විණි නම්‌ මෙවන්‌ පුතෙකුට
ඔහු දිනුයේ චෙයි

ළඳක්‌ විණි නම්‌ මෙවන්‌ සැමියෙකු
ඔහු ද දිනුයේ වෙයි",ගැටලු සැඩ නල,සැඩ නල,ගැටළු,කරදරකාරී 
බුදු සිහිල ගලාලා,අමරසිරි පීරිස්,සේන වීරසේකර,සේන වීරසේකර,නොදනී,2008,"බුදු සිහිල ගලාලා
ලොව නොමිනිස්කම් දුරු වේවා

මහ කරුණා දිය ගැඹරේ
මෙත් මුදිතා නල රැල්ලේ
නිවන් මගට සැනසිල්ලේ
එනමුදු ලොව ඝණ අඳුරේ

සිරි පතුලේ පහස වැදේ
දළඳා හිමි රැස් විහිදේ
බුදු බණ හඬ ලොව පැතිරේ
මිනිසත්කම තව නින්දේ",මහ කරුණා දිය ගැඹරේ,දිය ගැඹර,මහා කරුණාව ,විශාල 
එපා  මීවිත,අමරසිරි පීරිස්,අමරසිරි පීරිස්,දම්මික බණ්ඩාර,නොදනී,නොදනී,"එපා  මීවිත මගේ මුවගට //
ලයේ ඇවිගෙන අග්නි ජාලා
නිවන්නට බෑ  මීවිතෙන්‌ //

මතකයේ දස මාර සේනා
රුදුරු අවිගෙන වියරු වී
ලුුබඳියි මා ලුහුබඳියි
මීවිතෙන්‌ දිනු හැකිවේද

එපා  මීවිත මගේ

බිඳුණු ප්‍රේමය හිරු හතක වී 
ඉන්ද්රදිග නුඹගේම නැගේ 
දැවී අලුවෙඉ මගේ නිදහස 
මීවිතෙන් එය නිවනු හැකිවේද ",මතකයේ දස මාර සේනා,දස මාර සේනා,මතකය,කටුක අත්දැකීම්
මග හැරියා නොවේ,අමරසිරි පීරිස්,සරත් ද අල්විස්,කැළුම් ශ්‍රීමාල්,නොදනී,2018,"මග හැරියා නොවේ
මග සැරුණේ ඇයිදැයි නොදනී 
නිම නොවෙනා ඔබේ ආදරේ
උණුෂුම්‌ සුවේ දිග හැරෙන හැඟුමන්‌ ගඟ මගේ
මග අහගෙන ඇවිඳින්‌ තුරුළු වී 
හද පුරා විඳි ඔබේ ආදරේ සොඳුරියේ

සඳ එළියෙන්‌ තෙමුණු වනේ.
දත්තත්‌ ගෙන යනෙන දිනේ
අද වේ යැයි නෑ හැඟුනේ 
අදහන්නට බෑ බිඳුනේ 
සත්තයි මගේ විහඟියේ 
සියෝ ළඟ කැළඹෙයි 
ඔබේ ආදරෙන් සොඳුරියේ 

රළ පෙරලෙන දැඟලිල්ලේ 
රහු විඳිනා වෙරල ලෙසේ 
ඔබගෙන් මා ලද සහනේ 
සිහිනෙකවත් නෑ තිබුනේ 
සත්තයි සුසුම් සුවඳියේ භව දුක දුරු වේ 
ඔබේ ආදරෙන්‌ සොඳුරියේ.",විහඟියේ ඔබේ,කිරිල්ලිය ,කාන්තාව ,සුන්දර 
මග හැරියා නොවේ,අමරසිරි පීරිස්,සරත් ද අල්විස්,කැළුම් ශ්‍රීමාල්,නොදනී,2019,"මග හැරියා නොවේ
මග සැරුණේ ඇයිදැයි නොදනී 
නිම නොවෙනා ඔබේ ආදරේ
උණුෂුම්‌ සුවේ දිග හැරෙන හැඟුමන්‌ ගඟ මගේ
මග අහගෙන ඇවිඳින්‌ තුරුළු වී 
හද පුරා විඳි ඔබේ ආදරේ සොඳුරියේ

සඳ එළියෙන්‌ තෙමුණු වනේ.
දත්තත්‌ ගෙන යනෙන දිනේ
අද වේ යැයි නෑ හැඟුනේ 
අදහන්නට බෑ බිඳුනේ 
සත්තයි මගේ විහඟියේ 
සියෝ ළඟ කැළඹෙයි 
ඔබේ ආදරෙන් සොඳුරියේ 

රළ පෙරලෙන දැඟලිල්ලේ 
රහු විඳිනා වෙරල ලෙසේ 
ඔබගෙන් මා ලද සහනේ 
සිහිනෙකවත් නෑ තිබුනේ 
සත්තයි සුසුම් සුවඳියේ භව දුක දුරු වේ 
ඔබේ ආදරෙන්‌ සොඳුරියේ.",හැඟුමන්‌ ගඟ,ගංගාව ,හැඟීම්,දිග 
ඇය යන්න ගියා මැකිලා,අමරසිරි පීරිස්,එච්.එම්.ජයවර්ධන,සුනිල් සරත් පෙරේරා,ස්නේහයේ නගරයයි ,2001,"ඇය යන්න ගියා මැකිලා
වන සිරසක තුරු සෙවනැලි අතරෙ
ගී ගයමින් හිඳ මා තුරුලේ
ඇය යන්න ගියා මැකිලා
ඇය යන්න ගියා මැකිලා
පිණි කඳුලක් මල් පෙති අග තවරා
මිහිදුම් සළුවෙන් මුහුණ වසා
නිල්ල නෙලන නිල් කඳු වැටි අතරේ
සඳ එළියේ මන්පෙත පා... දා...
රහසක් සඟවා
ගොලු වූ හදකින්
යන්න ගියා මැකිලා
ඇය යන්න ගියා මැකිලා
වන සිරසක තුරු සෙවනැලි අතරෙ
ගී ගයමින් හිඳ මා තුරුලේ
ඇය යන්න ගියා මැකිලා
ඇය යන්න ගියා මැකිලා
පිණි කඳුලක් මල් පෙති අග තවරා
මිහිදුම් සළුවෙන් මුහුණ වසා
යළි කවදාවත් හමු නොවනා බව
මද පවනක් හිස අත ගා කීවද
අදහා ගන්නට නොහැකිය කිසි දින
ඇය යළි නොඑතැයි ගිම්හානෙට පෙර
යන්න ගියා මැකිලා
වන සිරසක තුරු සෙවනැලි අතරෙ
ගී ගයමින් හිඳ මා තුරුලේ
ඇය යන්න ගියා මැකිලා
ඇය යන්න ගියා මැකිලා
පිණි කඳුලක් මල් පෙති අග තවරා
මිහිදුම් සළුවෙන් මුහුණ වසා",මිහිදුම් සළුවෙන්,මීදුම ,වස්ත්‍රය,සුදු 
ඇය යන්න ගියා මැකිලා,අමරසිරි පීරිස්,එච්.එම්.ජයවර්ධන,සුනිල් සරත් පෙරේරා,ස්නේහයේ නගරයයි ,2002,"ඇය යන්න ගියා මැකිලා
වන සිරසක තුරු සෙවනැලි අතරෙ
ගී ගයමින් හිඳ මා තුරුලේ
ඇය යන්න ගියා මැකිලා
ඇය යන්න ගියා මැකිලා
පිණි කඳුලක් මල් පෙති අග තවරා
මිහිදුම් සළුවෙන් මුහුණ වසා
නිල්ල නෙලන නිල් කඳු වැටි අතරේ
සඳ එළියේ මන්පෙත පා... දා...
රහසක් සඟවා
ගොලු වූ හදකින්
යන්න ගියා මැකිලා
ඇය යන්න ගියා මැකිලා
වන සිරසක තුරු සෙවනැලි අතරෙ
ගී ගයමින් හිඳ මා තුරුලේ
ඇය යන්න ගියා මැකිලා
ඇය යන්න ගියා මැකිලා
පිණි කඳුලක් මල් පෙති අග තවරා
මිහිදුම් සළුවෙන් මුහුණ වසා
යළි කවදාවත් හමු නොවනා බව
මද පවනක් හිස අත ගා කීවද
අදහා ගන්නට නොහැකිය කිසි දින
ඇය යළි නොඑතැයි ගිම්හානෙට පෙර
යන්න ගියා මැකිලා
වන සිරසක තුරු සෙවනැලි අතරෙ
ගී ගයමින් හිඳ මා තුරුලේ
ඇය යන්න ගියා මැකිලා
ඇය යන්න ගියා මැකිලා
පිණි කඳුලක් මල් පෙති අග තවරා
මිහිදුම් සළුවෙන් මුහුණ වසා",පිණි කඳුලක්,පිණි බින්දුව,කඳුල ,කුඩා  
චණ්ඩ හිරු රැස්‌,අමරසිරි පීරිස්,අමරසිරි පීරිස්,ප්‍රභාත් හෙට්ටිආරච්චි,නොදනී,නොදනී,"චණ්ඩ හිරු රැස්‌
අවුලවයි කොන්ක්රීට්‌ නගරය
රන්‌ ලොවකට පාර පෙන්නයි
දසත නැගෙනා විෂ දුමාරය
තාත්තේ මම ගමට එනවා
කටු ඔටුන්නෙන්‌ මුදා ගෙන හිස

නින්ද අවුරාකනට කොදුරා රැය පුරා
මදුරු සේනා ගයති මළ පොත
මේ දකින්නෙත ගමේ සඳමයි
නමුත්‌ සඳ රැස්‌ දවයි මුඵ ගත

මෙපුර හැරලා ගමට වැඩලා වැහි වළා
ජල සලාකය වඩයි සරනැස

තාත්තේ මම ගමට එනවා

කටු ඔටුන්නෙන්‌ මුදා ගෙන හිස",කටු ඔටුන්නෙන්‌,කටු,ඔටුන්න,කර්කශයි 
ආදරයේ උණුසුම් සුසුම් ,අමරසිරි පීරිස්,අමරසිරි පීරිස්,නිලාර් එන් කාසිම්,සඳුද අවදියෙන් ,1995,"ආදරයේ උණුසුම් සුසුම් සුවඳද මෙතරම්
එහෙනම් සැලමුදු පෙම තුළ නිසසල වී ලොව නවතීවා සැනකින්
ආදරයේ උණුසුම් සුසුම් සුවඳද මෙතරම්

දේදුණු  දෙබැමින් ඉඟිකරමින් හිනහෙන විට අනේ ළෙංගතු දැයි කෙතරම්
බිළිඳකු සේ ළමැදේ ගුලි වූ විටක ලොබින් සත්තයි ඒ හැඩි දැඩි නුඹ නේද සිතෙයි

ආදරයේ උණුසුම් සුසුම් සුවඳද මෙතරම්
එහෙනම් සැලමුදු පෙම තුළ නිසසල වී ලොව නවතීවා සැනකින්
ආදරයේ උණුසුම් සුසුම් සුවඳද මෙතරම්

සීතල දෙතොළින් සිසිලසකින් මුමුණන විට අනේ හීනෙන් දැයි නෑ‍ඟෙයි
හාදු මතින් නළලේ උණුසුම් තිලක තියා  පිදුවේ ඒ නුඹගේ සෙවනැල්ල තමයි

ආදරයේ උණුසුම් සුසුම් සුවඳද මෙතරම්
එහෙනම් සැලමුදු පෙම තුළ නිසසල වී ලොව නවතීවා සැනකින්
ආදරයේ උණුසුම් සුසුම් සුවඳද මෙතරම්",දේදුණු  දෙබැමින්,දේදුන්න ,ඇස් බැමි , දිග ඇස් බැමි 
ආ මග වැරදී (සඳගලතැන්න),"අමරසිරි පීරිස්, ශෂිකා නිසංසලා",නවරත්න ගමගේ,යූ බී රත්නායක,අහසට තරු ඇයි මෙතරම් ,2020,"ආ මග වැරදී යන මං නොපෙනී

තනි වී දෙවිඳුන්‌ නැති දෙවොලේ
කවුරු යදින්නද කවුරු පතන්නද
හිරු සඳුවත්‌ නැති මිහිමඩලේ

සඳගලතැන්නේ පාමුල සීතල චතුරේ

නුඹෙ සෙවනැළි පාචෙයි නිල්‌ දිය රැළි අතරේ
දම්‌ පළුරේ මංකඩ ලඟ ගොම්මන්‌ අළුරේ
දියබුං හඞ නෑ දැන්‌ එය සිහිනෙකි මිහිරේ

හඬා දොඩා කීවත්‌ දුක කවුරුද ඇසුවේ
ප්‍රාර්ථනා ගඟ උතුරා කඳුළැලි ගැලුවේ
මන්දාරම්‌ අහස වැසූ මිහිදුම්‌ සළුවේ

කිම්ද සොඳුරු ජීවන මඟ හිරිකඩ හෙළුවේ

(සඳගලතැන්නේ පාමුල සීතල චතූරේ
නුඹෙ සෙවනැළි පාචෙයි නිල්‌. දිය රැළි අතරේ...//)
",තනි වී දෙවිඳුන්‌ නැති දෙවොලේ,දෙවිඳුන්‌,සරණ,සරණක් නැතිව ජීවිතය අසරණ වෙලා.
අමරණීයම රිදුම ජීවිතයේ,අමරසිරි පීරිස්,දර්ශන රුවන් දිසානායක,අමිල තේනුවර,ගංගා ගලා යාදෙන්,2014,"අමරණීයම රිදුම ජීවිතයේ
මෟ ඔබෙන්‌ පද ආදරේ... ආදරේ....
ආදරේ .....

මතකයේ කටු තූඩ ඇනී ළය
පාරචයි හැඟුමන්‌
වේදනාවේ ගැහෙන හදවත
පෙන්චන්න හැකිනම්‌ //

නොරිදනා ආදරේ ආයුෂ
නොරැදේවි හැමකල්‌
කුමටදෝ ජීවිතය මට
මේ රිදුම නැති නම්‌ //

අමරණීයම රිදුම …",මතකයේ කටු තූඩ ඇනී ළය පාරචයි,මතකයේ කටු තූඩ,නරක මතකය,නරක මතකයන් හදවත රිදවයි. 
හන්තානට පායන හඳ,අමරසිරි පීරිස්,ඩෙනිස්ටර් පෙරේරා,දම්මික බණ්ඩාර,මගේ පුංචි රෝස මලේ ,2014,"හන්තානට පායන හඳ
ලස්සනයිද කියන්න...

මා නොදකින ඒ පුර හඳ
ඔබට හැකිය දකින්න...//)

(අඳුරු ලලා වගිනා කල
සරසවි බිම නෙමෙන්න...//)

කුඬේ යටින්‌ ඔබ යන කල
එපා තනිය දැනෙන්න...

(ලතා මඩුළු අත වනාවි
එපා අහක බලන්න,...//)
මා ගැන මතකය ගුලිකර
මහචැලියට දමන්න...

හන්තානට පායන...//",මා නොදකින ඒ පුර හඳ ඔබට හැකිය දකින්න,පුර හඳ,අලුත් අත්දැකීම්,මට මග හැරෙන ඒ අලුත් ලෝකය ඔබට විදිය හැකී. 
කාත්‌ කවුරුවත්‌,අමරසිරි පීරිස්,දර්ශන රුවන් දිසානායක,අමිල තේනුවර,ගංගා ගලා යාදෙන්,2011,"කාත්‌ කවුරුවත්‌ නැති බව දැන දැන
මාත්‌ මගේ හිතත්‌ රාත්‍රියක තියලා
නුඹත්‌ ගියා නම්‌ හෙටක්‌ තියෙවිද
මටන්‌ ඉරක්‌ නැගෙනා...

සාංංකාච ඇහරෙන ගන අදුරේ
ආත්මයම මගේ රාත්‍රියම වැන්නේ
ඈත්‌ චෙන්න නම්‌

ඇයි තුරුලෙම උන්නෙ...

වේදනව ඇවිලෙන දිවි කතරේ

දෑස්‌ ඇරන්‌ හිද තවත්‌ පලක්‌ නැත්තෙ
ඒත්‌ කියන්නම්‌

හමුවෙමු මතූ භවයේ...",මාත්‌ මගේ හිතත්‌ රාත්‍රියක තියලා,රාත්‍රිය,තනිකම,මාව තනි කරලා 
බිම්බරක්‌ සෙනඟ,ගුණදාස කපුගේ,ගුණදාස කපුගේ,රත්න ශ්‍රී විජේසිංහ,සඳ රෑ සිහිනේ,2004,"බිම්බරක්‌ සෙනඟ ගැවසුණ
චන්ද්‍ර සූර්යයා ඉපදුණ
ස්චර්ණ භූමියේ මනරම්‌
මාළිගාව කෝ 

යුද්දෙකට ඇවිත්‌ රුපුසෙන්‌
සත්‌ මුහුදු මතින්‌ ගුවනින්‌
කම්බි චට කළේ මනරම්‌
මාළිගාව කෝ ..
මාළිගාව කෝ ..

ට්‍රැක්ටරේ යකඩ ගජසෙන්‌
කුංචනාදයෙන්‌ ඇළලුණ
වෘක්ෂ දේවතාවන්‌ බිම වැටී
පණ ගසයි
මිනී මල්‌ පිපුණු සීතල
නිම්න භූමියේ ඇටකටු
සතර රියන්‌ කඩ අහිමිව
විලාපය නගඟයි.. විලාපය නඟයි..

බිම්බරක්‌ සෙනඟ ගැවසුණ....

කැලෑ මල්‌ පිපී රතු තොල්‌ වලින්‌
කෑ ගසා ඉල්ලන
ජාතියේ නිධානය
රන්‌ රුවන්‌ කරඬු කොයි
වෑකන්ද කඩා ඉන්‌ කටු
කම්බියෙන්‌ බෙදා බේරන
බිමේ හිස ගසා දමනා
කඩුව බිම දමවු..
කඩුව බිම දමවු.;

බිම්බරක්‌ සෙනඟ ගැවසුණ.....",ස්චර්ණ භූමියේ,ස්චර්ණ,ශ්‍රී ලංකාව ,වටිනා වූ භූමිය 
ඉර බටු තරුව,ගුණදාස කපුගේ,ගුණදාස කපුගේ,රත්න ශ්‍රී විජේසිංහ,කිඳුරු ගීතය,1999,"ඉර බටු තරුව වුනා නම්‌ ඔබ මට
විඳ දරා ගන්න හැකි කළුවර
පිටු පා යන්න ගියාවේ පුර හද
එක නරුවක්‌ ඇති මගෙ අහසට

දොස්‌ කියන්නෙපා වසන්තයට
අප දමා යළි නොඑන්න ගිය
තටු පොකුර දෙනන මගේ අතට
මල්‌ පිපෙන තූරා ඉන්නම්‌ මම

පර මලක දෙතොල්‌ වල හිනාව
අමතක වුනාට වසන්තයට
දුර ඈත ඉඳන්‌ අහසේ ඔබ
මට හිනාවෙන්න රෑ තනියම",විඳ දරා ගන්න හැකි කළුවර,කළුවර,තනිකම,දරා ගන්න පුළුවන් තනිකම
ඉර බටු තරුව,ගුණදාස කපුගේ,ගුණදාස කපුගේ,රත්න ශ්‍රී විජේසිංහ,කිඳුරු ගීතය,1999,"ඉර බටු තරුව වුනා නම්‌ ඔබ මට
විඳ දරා ගන්න හැකි කළුවර
පිටු පා යන්න ගියාවේ පුර හද
එක නරුවක්‌ ඇති මගෙ අහසට

දොස්‌ කියන්නෙපා වසන්තයට
අප දමා යළි නොඑන්න ගිය
තටු පොකුර දෙනන මගේ අතට
මල්‌ පිපෙන තූරා ඉන්නම්‌ මම

පර මලක දෙතොල්‌ වල හිනාව
අමතක වුනාට වසන්තයට
දුර ඈත ඉඳන්‌ අහසේ ඔබ
මට හිනාවෙන්න රෑ තනියම",එක තරුවක්‌ ඇති මගෙ අහසට,තරුව,ආදරය,එක ආදරයක් ඇති මගේ ජීවිතයට 
ඉර බටු තරුව,ගුණදාස කපුගේ,ගුණදාස කපුගේ,රත්න ශ්‍රී විජේසිංහ,කිඳුරු ගීතය,1999,"ඉර බටු තරුව වුනා නම්‌ ඔබ මට
විඳ දරා ගන්න හැකි කළුවර
පිටු පා යන්න ගියාවේ පුර හද
එක නරුවක්‌ ඇති මගෙ අහසට

දොස්‌ කියන්නෙපා වසන්තයට
අප දමා යළි නොඑන්න ගිය
තටු පොකුර දෙනන මගේ අතට
මල්‌ පිපෙන තූරා ඉන්නම්‌ මම

පර මලක දෙතොල්‌ වල හිනාව
අමතක වුනාට වසන්තයට
දුර ඈත ඉඳන්‌ අහසේ ඔබ
මට හිනාවෙන්න රෑ තනියම",එක තරුවක්‌ ඇති මගෙ අහසට,අහස,ජීවිතය,එක ආදරයක් ඇති මගේ ජීවිතයට 
ඉර බටු තරුව,ගුණදාස කපුගේ,ගුණදාස කපුගේ,රත්න ශ්‍රී විජේසිංහ,කිඳුරු ගීතය,1999,"ඉර බටු තරුව වුනා නම්‌ ඔබ මට
විඳ දරා ගන්න හැකි කළුවර
පිටු පා යන්න ගියාවේ පුර හද
එක නරුවක්‌ ඇති මගෙ අහසට

දොස්‌ කියන්නෙපා වසන්තයට
අප දමා යළි නොඑන්න ගිය
තටු පොකුර දෙනන මගේ අතට
මල්‌ පිපෙන තූරා ඉන්නම්‌ මම

පර මලක දෙතොල්‌ වල හිනාව
අමතක වුනාට වසන්තයට
දුර ඈත ඉඳන්‌ අහසේ ඔබ
මට හිනාවෙන්න රෑ තනියම",දොස්‌ කියන්නෙපා වසන්තයට,වසන්තය,තරුණ කාලය,පසුතැවෙන්න එපා තරුණ කාලය ගැන 
ඉර බටු තරුව,ගුණදාස කපුගේ,ගුණදාස කපුගේ,රත්න ශ්‍රී විජේසිංහ,කිඳුරු ගීතය,1999,"ඉර බටු තරුව වුනා නම්‌ ඔබ මට
විඳ දරා ගන්න හැකි කළුවර
පිටු පා යන්න ගියාවේ පුර හද
එක නරුවක්‌ ඇති මගෙ අහසට

දොස්‌ කියන්නෙපා වසන්තයට
අප දමා යළි නොඑන්න ගිය
තටු පොකුර දෙනන මගේ අතට
මල්‌ පිපෙන තූරා ඉන්නම්‌ මම

පර මලක දෙතොල්‌ වල හිනාව
අමතක වුනාට වසන්තයට
දුර ඈත ඉඳන්‌ අහසේ ඔබ
මට හිනාවෙන්න රෑ තනියම",පර මලක දෙතොල්‌ වල හිනාව,පර මල,නැති උන ආදරය,නැති උන ආදරයක තිබු සතුට
බිංදු බිංදු තාරකා,ගුණදාස කපුගේ,නිමල් මෙන්ඩිස්,ලූෂන් බුලත්සිංහල සහ ගුණදාස කපුගේ,ගුණදාස කපුගේ වෙළුම.01,1999,"බිංදු බිංදු තාරකා කඳුළු මල්‌ විලේ
ලමතූ වී සඳයි ඔබයි හිනැහුනා රැයේ
සුබ පැතූම්‌ අගාධයේ ගීතිකා ඇසේ
අගහිමිචූ ආදරේ රත්‌ පියුම්‌ පිපේ
බිංදු බිංදු තාරකා කළුළු මල්‌ විලේ
උමතූ වී සඳයි ඔබයි හිනැහුනා රැයේ

(තනිවී ගිම්හානයේ
වැලපේ කොවුලා වනේෙ....//)
සඳ මත ආදරයේ සෑය මැවේ
වියැකී බඹර ගීත මලක රොන්‌ සැලේ

බිංදු බිංදු තාරකා කඳුළු මල්‌ විලේ
උමතු වී සඳයි ඔබයි හිනැහුනා රැයේ

(විස මදු පුරචා විතේ
ගෙනදී දොතින්‌ ඔබේ...//)
මා හද සෑය දවා දෑස නිවා
නංවනු මන්දහාස මියෙන මා නෙතේ

බිංදු බිංදු තාරකා....",මා හද සෑය දවා,සෑය,බලාපොරොත්තු,මගේ බලාපොරොත්තු සිහින බිද දමා
දවසක්‌ පැල නැති හේනේ,ගුණදාස කපුගේ,ගුණදාස කපුගේ,රන්බණ්ඩා සෙනවිරත්න,සඳ රෑ සිහිනේ,2018,"දවසක්‌ පැල නැති හේනේ
අකාල මහ වැගි වැස්සා
තුරුලේ හංගාගෙන මා
ඔබ තෙමුනා අම්මේ
පායන තුරු හිටි පියවර
හිටියා ඔබ අම්මේ

නුවර වීදි යට කරගෙන
නින්දා වැහි වැගිරුණදා
බිරිඳකගේ සෙනෙහේ කියා
යොද ඇළේ නැම්මේ
(ඔබෙ සෙනෙහස සුවල දිදී
දැනුනා මට අම්මේ.)..//

කොළඹ අහස කලුකරගෙන
මුහුදු හුළලසභ අඩලනකොට
ඔටුන්න බිමදා දුවගෙන
එන්නද එක පිම්මේ

(මං එනතූරු ඉදිකඩ ලඟ
ඉන්නවාද අම්මේ )..///",දවසක්‌ පැල නැති හේනේ,පැල නැති හේන, පිය නැති වූ පව්ල,එක කලෙක පිය නැති වූ පව්ල
දවසක්‌ පැල නැති හේනේ,ගුණදාස කපුගේ,ගුණදාස කපුගේ,රන්බණ්ඩා සෙනවිරත්න,සඳ රෑ සිහිනේ,2018,"දවසක්‌ පැල නැති හේනේ
අකාල මහ වැගි වැස්සා
තුරුලේ හංගාගෙන මා
ඔබ තෙමුනා අම්මේ
පායන තුරු හිටි පියවර
හිටියා ඔබ අම්මේ

නුවර වීදි යට කරගෙන
නින්දා වැහි වැගිරුණදා
බිරිඳකගේ සෙනෙහේ කියා
යොද ඇළේ නැම්මේ
(ඔබෙ සෙනෙහස සුවල දිදී
දැනුනා මට අම්මේ.)..//

කොළඹ අහස කලුකරගෙන
මුහුදු හුළලසභ අඩලනකොට
ඔටුන්න බිමදා දුවගෙන
එන්නද එක පිම්මේ

(මං එනතූරු ඉදිකඩ ලඟ
ඉන්නවාද අම්මේ )..///",අකාල මහ වැගි වැස්සා,මහ වැහි  ,දුක් කරදර ,එක පාරම දුක් කරදර බොහොමයක් ආවා 
දවසක්‌ පැල නැති හේනේ,ගුණදාස කපුගේ,ගුණදාස කපුගේ,රන්බණ්ඩා සෙනවිරත්න,සඳ රෑ සිහිනේ,2018,"දවසක්‌ පැල නැති හේනේ
අකාල මහ වැගි වැස්සා
තුරුලේ හංගාගෙන මා
ඔබ තෙමුනා අම්මේ
පායන තුරු හිටි පියවර
හිටියා ඔබ අම්මේ

නුවර වීදි යට කරගෙන
නින්දා වැහි වැගිරුණදා
බිරිඳකගේ සෙනෙහේ කියා
යොද ඇළේ නැම්මේ
(ඔබෙ සෙනෙහස සුවල දිදී
දැනුනා මට අම්මේ.)..//

කොළඹ අහස කලුකරගෙන
මුහුදු හුළලසභ අඩලනකොට
ඔටුන්න බිමදා දුවගෙන
එන්නද එක පිම්මේ

(මං එනතූරු ඉදිකඩ ලඟ
ඉන්නවාද අම්මේ )..///",මුහුදු හුළග අඩලනකොට,මුහුදු හුළග,දුක තනිකම,සිතට දුකක් තනිකමක් දැනෙනකොට 
දවසක්‌ පැල නැති හේනේ,ගුණදාස කපුගේ,ගුණදාස කපුගේ,රන්බණ්ඩා සෙනවිරත්න,සඳ රෑ සිහිනේ,2018,"දවසක්‌ පැල නැති හේනේ
අකාල මහ වැගි වැස්සා
තුරුලේ හංගාගෙන මා
ඔබ තෙමුනා අම්මේ
පායන තුරු හිටි පියවර
හිටියා ඔබ අම්මේ

නුවර වීදි යට කරගෙන
නින්දා වැහි වැගිරුණදා
බිරිඳකගේ සෙනෙහේ කියා
යොද ඇළේ නැම්මේ
(ඔබෙ සෙනෙහස සුවල දිදී
දැනුනා මට අම්මේ.)..//

කොළඹ අහස කලුකරගෙන
මුහුදු හුළලසභ අඩලනකොට
ඔටුන්න බිමදා දුවගෙන
එන්නද එක පිම්මේ

(මං එනතූරු ඉදිකඩ ලඟ
ඉන්නවාද අම්මේ )..///",ඔටුන්න බිමදා දුවගෙන,ඔටුන්න,තනතුරු,සියලු තනතුරු ඇත හැර
ගංඟාවේ ගීතේ,ගුණදාස කපුගේ,ගුණදාස කපුගේ,සුනිල් ආර්.ගමගේ,සීතල සඳ එළිය,2012,"ගංඟාවේ ගීතේ ගොළුවී ගියා දො
ඔබ මා හමුවේ

පෙම්බස්‌ දොඩනා යුගය නිමාවේ

ඔබ මුව මඬලේ මුතූ හිනා වගේ
දිය සරැලි ගඟේ ගලනා රඟේ
මතකයේ වෙලී පැටලේ

මල්‌ බමර පැතුම විලසේ

ඒදණ්ඩ දිගේ පාපොඩිති නඟා
නෙත්‌ තුඩු අතරේ හමුවී දොඩා
මා ළයේ සඳා නොමැකේ
අරවින්ද කැකුළ විලසේ
අරවින්ද කැකුළ විලසේ
ගංගාවේ ගීතේ",ඔබ මුව මඬලේ මුතූ හිනා,මුතූ,සතුට,ඔබේ මුහුණේ ඇති සතුටු සිනා
දොඹ මල්‌ කැලෑවේ,ගුණදාස කපුගේ,ගුණදාස කපුගේ,නොදනී,ගුණදාස කපුගේ සමග සන් ෆ්ලවර්,1998,"දොඹ මල්‌ කැලෑවේ බඹරන්‌ ගැයු
කවියක්‌ වගේ ආදරේ
අත්‌ වැල්‌ බැඳන්‌.යන්න ළංවී ළඟින්‌ ඉන්න
සංසාර ගිරි දුර්ගයේ

රෑ පිණි පොදේ සීත මිටියාවනේ
මේ කේතක්‌ මල්‌ වනේ
සඳ සේ උදා වූ සෙනෙහේ නිමා වේද
දුක්‌ දොරකඩින්‌ හෙට දිනේ

කටු කුඩු මතින්‌ එන්න උර ගාව ගාවා
හිනැහී දෙතොල්‌ ඉරි තලා
පෑදුණු සඳක්‌ නිසරු අහසේ පිපේචා
කටු වැට උඩින්‌ පායලා",කවියක්‌ වගේ ආදරේ,කවිය,ආදරය,කලාත්මක සුන්දර ආදරය
දොඹ මල්‌ කැලෑවේ,ගුණදාස කපුගේ,ගුණදාස කපුගේ,නොදනී,ගුණදාස කපුගේ සමග සන් ෆ්ලවර්,1998,"දොඹ මල්‌ කැලෑවේ බඹරන්‌ ගැයු
කවියක්‌ වගේ ආදරේ
අත්‌ වැල්‌ බැඳන්‌.යන්න ළංවී ළඟින්‌ ඉන්න
සංසාර ගිරි දුර්ගයේ

රෑ පිණි පොදේ සීත මිටියාවනේ
මේ කේතක්‌ මල්‌ වනේ
සඳ සේ උදා වූ සෙනෙහේ නිමා වේද
දුක්‌ දොරකඩින්‌ හෙට දිනේ

කටු කුඩු මතින්‌ එන්න උර ගාව ගාවා
හිනැහී දෙතොල්‌ ඉරි තලා
පෑදුණු සඳක්‌ නිසරු අහසේ පිපේචා
කටු වැට උඩින්‌ පායලා",සංසාර ගිරි දුර්ගයේ,ගිරි දුර්ගය,සංසාරය,දුෂ්කර වූ සන්සාරයේ
බිඳුනු පෙම්‌ හද,ගුණදාස කපුගේ,ගුණදාස කපුගේ,වසන්ත බණ්ඩාර දිසානායක,දුක හාදු දෙන රැයේ,2016,"බිඳුනු පෙම්‌ හද නිවාලන්නට
කළුල නුඹ ආ දා
අළුර රජයන හුදකලා සිත
නුඹට පෙම්‌ බැන්දා...

(සරාගික වු නෙතින්‌ ගිලිගී
ජීවිතෙන්‌ පිදු ආදරේ...//)
නිමාවූ සිහි චටන පමණකි
දෙනෙත්‌ දෑලේ ඉදිචුනේ
කළුල නුඹ පිපුනා...
දැවී ගිණිගත්‌ පෙම්‌ සුසානේ
කළුළු මල්‌ පිපුනා...

බිඳුනු පෙම්‌ හද...

(ප්‍රේම ආතුරයන්‌ වෙලා
ජීවිතේ තනි මංසලේ....//)
දිනෙක ඇය මා අමුත්තන්‌ සේ
යලිත්‌ හමු වේවී...

කළුල නුඹ නාඩන්‌

දුරස්‌ වන්නේ නැතේ නුඹ මා
කළුල නුඹ නාඩන....

බිඳුනු පෙම්‌ හද...",දැවී ගිණිගත්‌ පෙම්‌ සුසානේ,පෙම්‌ සුසානේ,බිදී ගිය ආලය   ,බිදී ගිය ආලය    
දෑස නිලුපුල්‌ තෙමා,ගුණදාස කපුගේ,ගුණදාස කපුගේ,ප්‍රියානන්ද විජේසුන්දර,සඳ රෑ සිහිනේ,2018,"දෑස නිලුපුල්‌ තෙමා
කඳුලු මුතුවැල්‌ සලා
දෙතොල සුසුමින්‌ පුරා ඉකිබිඳ
හඬනු මල්මාලියේ.. හඬනු මල්මාලියේ......//

(නිහඬ හදවත්‌ පොතේ ලියැවුනු
සොඳුරු ගී වැල්‌ නැතේ මා තැනූ]):.//
ඔබේ කළඳුලැලි මා සිනේ

(නිබඳ පදවැල්‌ ඇඳෝ.)..//

දෑස නිලුපුල්‌ තෙමා..

(පබළු මිණිමුතු නැතේ මා සතු
කළඳුළු මුතු ඇත ඔබේ මා පැතූ)..//
තුසර පිණි ලෙස මල්‌ මතේ
(කළදුඵු කොපුලේ රැළේ)..//

දෑස නිලුපුල්‌ තෙමා..",කඳුලු මුතුවැල්‌ සලා,මුතුවැල්‌,බින්දු,කඳුළු බින්දු වැටිලා
මගෙ හද මඩල,ගුණදාස කපුගේ,ගුණදාස කපුගේ,ස්වර්ණ ශ්‍රී බණ්ඩාර,ආවාදෝ සංසාරේ,2016,"මගෙ හද මඩල මල්‌ යහනකි ප්‍රභාවතී
ඔබෙ හද මඩල කටු යහනකි ප්‍රභාවතී
කටු යහනේ ඉන්නට බෑ ප්‍රභාවතී
මල්‌ යහනෙන' බැස පලයන්‌ ප්‍රභාවතී

සිනාසිසී දෝතින්‌ යහන තැනූ ලියේ
මුවාවට ගොසින්‌ ඉකිබිඳ හැඩුව ලියේ
මටම නොවෙයි කාටත්‌ පෙම්‌ බැන්ද ලියේ
මදෙස බල බලා නාඩන්‌ කුමාරියේ

මගෙ හද මඬඩල....

පිල්‌ ගොමුවකින්‌ පිල්‌ ගොමුවට ඇළඳුණු ලියේ
මල්‌ සුවඳකට බැඳි වරලස ඉනුව ලියේ
පවලම්‌ පොටෙන්‌ ගිලිහුනු තාරකාවියේ
කරපු පවට නාඩන්‌ දේවතාවියේ

මගෙ හද මඬල....",මගෙ හද මඩල මල්‌ යහනකි,මල්‌ යහන,සැනසීම  ,මගේ හදවත සියුම් සැනසීම  ලබා දෙයි 
මගෙ හද මඩල,ගුණදාස කපුගේ,ගුණදාස කපුගේ,ස්වර්ණ ශ්‍රී බණ්ඩාර,ආවාදෝ සංසාරේ,2016,"මගෙ හද මඩල මල්‌ යහනකි ප්‍රභාවතී
ඔබෙ හද මඩල කටු යහනකි ප්‍රභාවතී
කටු යහනේ ඉන්නට බෑ ප්‍රභාවතී
මල්‌ යහනෙන' බැස පලයන්‌ ප්‍රභාවතී

සිනාසිසී දෝතින්‌ යහන තැනූ ලියේ
මුවාවට ගොසින්‌ ඉකිබිඳ හැඩුව ලියේ
මටම නොවෙයි කාටත්‌ පෙම්‌ බැන්ද ලියේ
මදෙස බල බලා නාඩන්‌ කුමාරියේ

මගෙ හද මඬඩල....

පිල්‌ ගොමුවකින්‌ පිල්‌ ගොමුවට ඇළඳුණු ලියේ
මල්‌ සුවඳකට බැඳි වරලස ඉනුව ලියේ
පවලම්‌ පොටෙන්‌ ගිලිහුනු තාරකාවියේ
කරපු පවට නාඩන්‌ දේවතාවියේ

මගෙ හද මඬල....",ඔබෙ හද මඩල කටු යහනකි,කටු යහන,නපුරු හා දැඩි,ඔබේ හදවත නපුරු හා දැඩියි.
මංමුලා වී,ගුණදාස කපුගේ,ගුණදාස කපුගේ,සුනිල් ආරියරත්න,නින්ද නැති රැයේ,2016,"මංමුලා වී පාර සොයාගෙන හසරක්‌ අසමින්‌ යන ගමනෙ
මංමුලා වූ සමනලියකගෙනි පාර අසා තිබුනේ

ඇයත්‌ නොදන්නිය ඇය යන මානය
උන්‌ හිටි තැන්‌ මතකයෙ අඩමානය
පාර කියන්නේ කෙලෙසද මා හට
ඇයටද පාරක්‌ ඇති නැති ගානය

අප හමු චූයේ මන්දැයි නොදනිමි
පාර ඇසුයේ ඇයි දැයි නොකියමි
අපේ ගමන අද නවතනු හැකිනම්‌
අප යන ගමනද අද මෙතනින්‌ නිමි
",මංමුලා වූ සමනලියකගෙනි ,සමනලිය,තරුණිය,ජීවිතය වැරදුනු තරුණිය
දෙතොල නොකී දේ දෙනෙතේ කියැවෙනවා,ගුණදාස කපුගේ,ගුණදාස කපුගේ,ලූෂන් බුලත්සිංහල සහ ගුණදාස කපුගේ,සීතල සඳ එළිය,1985,"දෙතොල නොකී දේ දෙනෙතේ කියැවෙනවා
වසන්‌ කරන සිත මුහුනේ ලියැවෙනවා
නංගිගෙ පාමුල ඉර හඳ තියලා

ආදර හිත ළඟ කවුරුද මුවා වුනේ

හැඩරුව බලලා කැඩපන වෙහෙසන්නේ
පුංචි හිතේ පොඩි මධුමල්‌ පිපිලාදෝ //
ගෙදර බුදුන්‌ මුව උදානයක්‌ වූ

නංගිගෙ හිත ළඟ කවුරුද මුචා වුනේ

දෙතොල නොකී දේ ....

බාල බොළඳළියේ ඉස්සර හුරතල්‌ වූ
කවට සිනා කෙළි සඟවා තැබුවාදෝ //
වසන්තයට පෙර කැකුලට ළං වී
නංගිගෙ හිත ළඟ කවුරුද මුචා වුනේ

දෙතොල නොකී දෝ...",නංගිගෙ පාමුල ඉර හඳ තියලා,ඉර හඳ,සැපසම්පත්,නංගිට සියලු සැපසම්පත් දෙන්නම් යැයි කියල
දෙතොල නොකී දේ දෙනෙතේ කියැවෙනවා,ගුණදාස කපුගේ,ගුණදාස කපුගේ,ලූෂන් බුලත්සිංහල සහ ගුණදාස කපුගේ,සීතල සඳ එළිය,1985,"දෙතොල නොකී දේ දෙනෙතේ කියැවෙනවා
වසන්‌ කරන සිත මුහුනේ ලියැවෙනවා
නංගිගෙ පාමුල ඉර හඳ තියලා

ආදර හිත ළඟ කවුරුද මුවා වුනේ

හැඩරුව බලලා කැඩපන වෙහෙසන්නේ
පුංචි හිතේ පොඩි මධුමල්‌ පිපිලාදෝ //
ගෙදර බුදුන්‌ මුව උදානයක්‌ වූ

නංගිගෙ හිත ළඟ කවුරුද මුචා වුනේ

දෙතොල නොකී දේ ....

බාල බොළඳළියේ ඉස්සර හුරතල්‌ වූ
කවට සිනා කෙළි සඟවා තැබුවාදෝ //
වසන්තයට පෙර කැකුලට ළං වී
නංගිගෙ හිත ළඟ කවුරුද මුචා වුනේ

දෙතොල නොකී දෝ...",හිතේ පොඩි මධුමල්‌ පිපිලාදෝ,මධුමල්‌,ආදර හැගීම්,හිතේ ආදර හැගීම් ඇති වෙලා දෝ  
කල්ලඩි පාලම,ගුණදාස කපුගේ,ගුණදාස කපුගේ,රත්න ශ්‍රී විජේසිංහ,ගුණදාස කපුගේ වෙළුම.01,1999,"කල්ලඩි පාලම පාමුල සින්දු කිව්ව මාළුවෝ  
ඇයි ගොළු ගැහුණේ
සිතාරයට වෙඩි වැදුණද යාළුවො

මහ පොළොව ඉතිං දෙකට තූනට බෙදී යාවි යාළුවො
ගංගා මහ මුහුදු කලපු නොබෙදේවිද යාළුවො
උඹලා කොයි දෙස කොයි රටකට යනවද මාළුව

අපෙ උතුරු දකුණු සංගීතය දෙකට බෙදෙයි යාළුවො
මෘදංග ගැට බෙර හදවත්‌ පැලී යාවි යාළුවෙං
උඹලාගේ සින්දු ඉතිං කොයි රටේද මාළුවෝ",මහ පොළොව ඉතිං දෙකට තූනට බෙදී යාවි,මහ පොළොව,විවිධ ජාතීන්,ජාතීන් බෙදී එකිනෙකාට විරුද්දව සටන් කරවී 
ලෙලි තලන නුඹේ අතට,ගුණදාස කපුගේ,ගුණදාස කපුගේ,රත්න ශ්‍රී විජේසිංහ,ගුණදාස කපුගේ සමග සන් ෆ්ලවර්,1998,"ලෙලි තලන නුඹේ අනට
රන්‌ මුදුව ගොරහැඩි ද දෝණි
සෙනසුරුට පෙම්‌ බඳින දොණි...

නෙලූ රන්‌ කෙඳි අතුලා යහනේ
ප්‍රේමයේ ඇට සැකිලි සැතපේ
මනමාලකම්‌ කරන නිවට දුප්පත්‌
කුමරු බින්න බැහැලා ගෙපැලේ....

ලෙලි තලන...

ලෙලි දමන පල්‌ වතුර පොකුණේ
රන්‌ පියුම නැතිද තව පිපුණේ
තලාංපත්‌ දෝොණියේ ඉඟි මරන
කුරිරුකම්‌ සෙනසුරා හැර දුවයි අපලේෙ...

ලෙලි නලන...",සෙනසුරුට පෙම්‌ බඳින දොණි,සෙනසුරු,අයහපත් පුද්ගලයා ,අයහපත් පුද්ගලයෙකුට පෙම කරනවා
ලෙලි තලන නුඹේ අතට,ගුණදාස කපුගේ,ගුණදාස කපුගේ,රත්න ශ්‍රී විජේසිංහ,ගුණදාස කපුගේ සමග සන් ෆ්ලවර්,1998,"ලෙලි තලන නුඹේ අනට
රන්‌ මුදුව ගොරහැඩි ද දෝණි
සෙනසුරුට පෙම්‌ බඳින දොණි...

නෙලූ රන්‌ කෙඳි අතුලා යහනේ
ප්‍රේමයේ ඇට සැකිලි සැතපේ
මනමාලකම්‌ කරන නිවට දුප්පත්‌
කුමරු බින්න බැහැලා ගෙපැලේ....

ලෙලි තලන...

ලෙලි දමන පල්‌ වතුර පොකුණේ
රන්‌ පියුම නැතිද තව පිපුණේ
තලාංපත්‌ දෝොණියේ ඉඟි මරන
කුරිරුකම්‌ සෙනසුරා හැර දුවයි අපලේෙ...

ලෙලි නලන...",ප්‍රේමයේ ඇට සැකිලි සැතපේ,ප්‍රේමයේ ඇට සැකිලි,බිදීගිය පෙම් සිතිවිලි,බිදීගිය පෙම් සිතිවිලි තිබේ  
මාරියාවේ,ගුණදාස කපුගේ,ගුණදාස කපුගේ,රන්බණ්ඩා සෙනවිරත්න,නින්ද නැති රැයේ,2016,"මාරියාවේ ඔහේ නවතින්නේ - සමාවෙලා මේ දුක අහපන්නේ
වියරු විලාසෙන්‌ ඇයි නුඹ එන්නේ ~ වළාලයට ඉඩ දී පලයන්නේ

නුඹ ආ දා සිට පැල අඳුරේමයි - සතුට සාම සොම්නස නොරැදේ
මේ දුක්‌ සෙන්නට ඇයි නුඹ එන්නේ ~- වළාලයට ඉඩ දී පලයන්නේ

නුඹ ආ දාං සිට නිවුණු ලිපේ ගිනි - හද තූළ මෙළවී ඇවිලෙන්නේ
මේ දුක්‌ සෙන්නට ඇයි නුඹ එන්නේ ~ වළාලයට ඉඩ දී පලයන්නේ",නුඹ ආ දා සිට පැල අඳුරේමයි,අඳුර,දුක් කරදර,නුඹ ජීවිතයට ආ පසු දුක් කරදරමයි 
මාරියාවේ,ගුණදාස කපුගේ,ගුණදාස කපුගේ,රන්බණ්ඩා සෙනවිරත්න,නින්ද නැති රැයේ,2016,"මාරියාවේ ඔහේ නවතින්නේ - සමාවෙලා මේ දුක අහපන්නේ
වියරු විලාසෙන්‌ ඇයි නුඹ එන්නේ ~ වළාලයට ඉඩ දී පලයන්නේ

නුඹ ආ දා සිට පැල අඳුරේමයි - සතුට සාම සොම්නස නොරැදේ
මේ දුක්‌ සෙන්නට ඇයි නුඹ එන්නේ ~- වළාලයට ඉඩ දී පලයන්නේ

නුඹ ආ දාං සිට නිවුණු ලිපේ ගිනි - හද තූළ මෙළවී ඇවිලෙන්නේ
මේ දුක්‌ සෙන්නට ඇයි නුඹ එන්නේ ~ වළාලයට ඉඩ දී පලයන්නේ",නුඹ ආ දා සිට පැල අඳුරේමයි,පැල,ජීවිතය,නුඹ ජීවිතයට ආ පසු දුක් කරදරමයි 
නා කොල අන්දම්‌,ගුණදාස කපුගේ,ගුණදාස කපුගේ,රත්න ශ්‍රී විජේසිංහ,ඉර බට තරුව,2017,"නා කොල අන්දම්‌ පෙන නොවටින්නේ
බො කොල අන්දම්‌ පෙනය දියන්නේ
පෙනේ නැතිව අපි කොහොමද ඉන්නේ
(සමාවෙයං නයි හාමී...//)

දරමිටි බඳිනා කඹය කියාවී
දරනුව හදලා වලල නියාචී
කැබිලිති අරගන ගැරඬි නටාවචී
පෙනය නැතිව අපි අසරණ චේවී
(පෙනේ දියං නයි හාමි...//)

නා කොල අන්දම්‌ පෙන......

ඉහින්‌ කනින්‌ විස වැගිරෙන ලොකේ
විසෙන්‌ උඹේ පල නැති වග තේරේ
සුර්ම්‍ය වු මේ සර්ප විමානේ
හොඳින්‌ ඉන්න අපිටත්‌ සන්නො සේ
(පෙනේ දියං නයි හාමි...//)

නා කොල අන්දම්‌ පෙන,......",පෙනය නැතිව අපි අසරණ චේවී,පෙනය,ආරක්ෂාව,ආරක්ෂාවක් නැතිව අපි අසරණ වෙන්නේ 
නාඹර ගොයමට,ගුණදාස කපුගේ,ෂෙල්ටන් ප්‍රේමරත්න,සමන් සී වීරසිංහ,සඳ මන්ඩලේ සීත,2014,"නාඹර ගොයමට රහස්‌ කියාලා ~ ලා හිරු හිනහේ කාරණ හලලා
දෑසේ පෙම්බර රහස ලියාලා ~ නාරිලතා මා අමතනවා

මගෙ පියසටහන්‌ හඳුනන ඔබෙ නෙත -5~ හිමිදිරියේ දුටු සුභ දසුනයි
කම්මල මැද වෙහෙසෙන විට ගතසිත ~ ඔබගැන මතකය මද පචනයි

බලාපොරොත්තුව කිරිවැදිලා හෙට ~ ගමේ කුඹුර මදහස පෙන්චයි
මංගල සිරියෙන්‌ කරල්‌ කපන දා ~ හිතාඉන්නෙ ඔබෙ අත ගන්නයි", ඔබගැන මතකය මද පවනයි,මද පවන,සහනය,ඔබ ගැන සිහි කිරීමම සහනයක් ගෙන දෙයි 
ඔබට යන්නම ඕනෑ නම්‌,ගුණදාස කපුගේ,ගුණදාස කපුගේ,රත්න ශ්‍රී විජේසිංහ,ගුණදාස කපුගේ සමග සන් ෆ්ලවර්,1998,"ඔබට යන්නම ඕනෑ නම්‌
ඔබ යන්න ඉතින්‌ නික්මී

මේ කාමරයේ පුරා රැදුනු සුවඳත්‌ අරගෙන
ඒ සුවඳ ඇවිත්‌ මගෙ සින පාරයි

පුරහද දියවෙනවා සේ

කළුවරටත්‌ නොකියා

ඔබ යන්න කලා සොලොසම සපුරා
හෙට මළගම දා දියවක වී

ඉඳින්න සුදු ඇදලා

තරුවක්‌ බැස යනවා සේ

පා සලකුණු නොතියා

ඔබ යන්න පාළු අහසින්‌ බැසලා
හෙට මළ හිරුගේ ඉහඉද්දර
ඉන්න ඇවිත්‌ පායා",මේ කාමරයේ පුරා රැදුනු සුවඳත්‌ අරගෙන,කාමරය,ජීවිතය,මගේ ජීවිතේ පුර තිබෙන ඔබේ මතකයන් අරගෙන 
ඔබට යන්නම ඕනෑ නම්‌,ගුණදාස කපුගේ,ගුණදාස කපුගේ,රත්න ශ්‍රී විජේසිංහ,ගුණදාස කපුගේ සමග සන් ෆ්ලවර්,1998,"ඔබට යන්නම ඕනෑ නම්‌
ඔබ යන්න ඉතින්‌ නික්මී

මේ කාමරයේ පුරා රැදුනු සුවඳත්‌ අරගෙන
ඒ සුවඳ ඇවිත්‌ මගෙ සින පාරයි

පුරහද දියවෙනවා සේ

කළුවරටත්‌ නොකියා

ඔබ යන්න කලා සොලොසම සපුරා
හෙට මළගම දා දියවක වී

ඉඳින්න සුදු ඇදලා

තරුවක්‌ බැස යනවා සේ

පා සලකුණු නොතියා

ඔබ යන්න පාළු අහසින්‌ බැසලා
හෙට මළ හිරුගේ ඉහඉද්දර
ඉන්න ඇවිත්‌ පායා",මේ කාමරයේ පුරා රැදුනු සුවඳත්‌ අරගෙන, සුවඳ,මතකය,මගේ ජීවිතේ පුර තිබෙන ඔබේ මතකයන් අරගෙන 
පිය සටහන්‌ මැකී නොමැත තව,ගුණදාස කපුගේ,ගුණදාස කපුගේ,සුනිල් ආර්.ගමගේ,පිය සටහන්,1990,"පිය සටහන්‌ මැකී නොමැත තව
මා ආ දිගු ගමනේ
මගේම පියචර මත පිය නගමින්‌
ඔබ එනු දුටුවෙමි මා ලුහු බඳිමින්‌
පිය සටහන්‌ මැකී නොමැත තව

ගිරි ශිඛර මුදුන්‌ වල

වන ලැහැබෙේ අතූ අඟ
දොංංකාර දුන්‌ එදා ගැයු ගී

මා ඔබංහට ගැයු ගී

ඇසේද තවමන්‌

ඇළේ දොලේ ගලනා ගීයේ
පිය සටහන්‌ මැකී නොමැත තව

රළු බොරළු ගමන්‌ මග

වැලි තලා වැනිය හද

හැරී බලමි මම ඔබේ ඇසින්‌
ඔබ නුදුටු ඇසින්‌

නොජඒද මතුවට

ඔබත්‌ මමත්‌ හමුවන දවසක්‌
පිය සටහන්‌ මැකී නොමැත තව",රළු බොරළු ගමන්‌ මග,රළු බොරළු,කරදර ,කරදර පිරි ජීවිතය
ඔබ පෙම්‌ කරනා,ගුණදාස කපුගේ,ගුණදාස කපුගේ,සුනිල් ආර්.ගමගේ,නොදනී,නොදනී,"ඔබ පෙම්‌ කරනා ඔබේ කුමාරි
ඔබට ආදරේ කියනා අයුරින්‌
පෙර දවසක මා පෙම්‌ කරනා සඳ
මටද ආදරෙයි කියා නිබේ

ඔබ පෙම්‌ කරනා ඔබේ කුමාරි
මටද ආදරෙයි කියා තිබේ...

සංගර වෙරලේ සොඳළුරු සැදෑවක
රඟහල කෙලචර අදුරු නිමේශෙක
අද ඔබ ළඟ ඔබ සනසාලන ඇය
පෙර දවසක මා තුරුළට වී ගිද
මටද ආදරෙයි කියා නිබේ

ඔබ පෙම්‌ කරනා ඔබේ කුමාරි
මටද ආදරෙයි කියා තිබේ...

සක්මන්‌ මළුවක දෙපා ගෙවෙද්දී
දොඩමළු පෙම්බස්‌ ගොලුවී යද්දී
මාංසමුගෙන ඔබ චෙනට පැමිණි ඇය
සනහභස සඟවා දෙනෙත මුළාවෙන්‌
මටද ආදරෙයි කියා තිබේ...

ඔබ පෙම්‌ කරනා ඔබේ කුමාරි

මටද ආදරෙයි කියා නිබේ...", මා පෙම්‌ කරනා සඳ,සඳ,තරුණිය,මා පෙම් කර තරුණිය 
පලංචියේ වැඩ ඉඳගෙන,"කරුණාරත්න දිවුල්ගනේ, ගුණදාස කපුගේ",ගුණදාස කපුගේ,රත්න ශ්‍රී විජේසිංහ,ඉර බට තරුව,2017,"පලංචියේ වැඩ ඉඳගෙන
මහ සෑයේ හුණු තචරන පියාණනේ
හුණු බදාම ඔසවා දෙන
නුඹේ අත්‌ දෙක රිදෙනවාද පුතණුවනේෙ...

(සිල්‌ ගන්‌ රජ මහ වෙහෙරට
මල්‌ පුදනා මහ සෙනඟට
පියාණනේ නුඹ නොපෙනෙනවා...//)
ඇල්මෙන්‌ අකුරට යනවිට

මල්ලිලාට නංගිලාට
පුතුනේ නුඹ මුල්‌ පොත වෙනවා
පලංචියේ වැඩ ඉඳගෙන....
(රන්‌ ඉණිමග නියා උසට
නුඹ වඩචා මහපොළොවට
අප සිරසට රන්‌ කොත වෙනවා...//)
සල්‌ මල්‌ පෙනි පර වී ගිය

මල්‌ ආසනයේ පා මුල

නුඹේ දෘදිය සුවඳ නියෙනවා...

පලංචියේ වැඩ ඉඳගෙන....
",නුඹ මුල්‌ පොත වෙනවා,මුල්‌ පොත,ආදර්ශය,නුඹ ආදර්ශයක් වෙනවා 
පලංචියේ වැඩ ඉඳගෙන,"කරුණාරත්න දිවුල්ගනේ, ගුණදාස කපුගේ",ගුණදාස කපුගේ,රත්න ශ්‍රී විජේසිංහ,ඉර බට තරුව,2017,"පලංචියේ වැඩ ඉඳගෙන
මහ සෑයේ හුණු තචරන පියාණනේ
හුණු බදාම ඔසවා දෙන
නුඹේ අත්‌ දෙක රිදෙනවාද පුතණුවනේෙ...

(සිල්‌ ගන්‌ රජ මහ වෙහෙරට
මල්‌ පුදනා මහ සෙනඟට
පියාණනේ නුඹ නොපෙනෙනවා...//)
ඇල්මෙන්‌ අකුරට යනවිට

මල්ලිලාට නංගිලාට
පුතුනේ නුඹ මුල්‌ පොත වෙනවා
පලංචියේ වැඩ ඉඳගෙන....
(රන්‌ ඉණිමග නියා උසට
නුඹ වඩචා මහපොළොවට
අප සිරසට රන්‌ කොත වෙනවා...//)
සල්‌ මල්‌ පෙනි පර වී ගිය

මල්‌ ආසනයේ පා මුල

නුඹේ දෘදිය සුවඳ නියෙනවා...

පලංචියේ වැඩ ඉඳගෙන....
",අප සිරසට රන්‌ කොත වෙනවා,රන්‌ කොත,පිළිසරණ,අපේ ජීවිතේට පිළිසරණක් වෙනවා
පසක්‌ කොට ඇති ,ගුණදාස කපුගේ,ගුණදාස කපුගේ,සුනිල් සරත් පෙරේරා,ගුණදාස කපුගේ සමග සන් ෆ්ලවර්,1998,"පසක්‌ කොට ඇති සසර දුක්‌ ගිනි
උතුම්‌ සම්බෝධිය පතා..
කෙලෙස්‌ නේරංජාව තරණය
කලේ අප මහ බො සකතකා..
පසක්‌ කොට ඇති සසර දුක්‌ ගිනි
උතුම්‌ සම්බෝධිය පනා..

නිසල බො මැඩ වෙසෙන අතරෙදි
සසල කෙරුමට අචල ගිමි සිතූ
නොයෙකඛක්‌ වෙස්‌ පෑ සිතුම්‌ සේනා
ගෙවා ඇත රුදු මාර දෙව්‌ පුතුූ..

පසක්‌ කොට ඇති...

පෙරුම්‌ දම්‌ බලයෙන්‌ මරුන්‌ බිඳ
බවුන්‌ වඩවා බුදු වු ලොව්තූරු
සහන එළියක්‌ ලෙසින්‌ මතුවින
නසා තිලොචක අවිදු ගණජදුරු..:.
පසක්‌ කොට ඇත...",පසක්‌ කොට ඇති සසර දුක්‌ ගිනි,ගිනි,දුක්‌,සසර දුක තේරුන් අරගෙන  
පසක්‌ කොට ඇති ,ගුණදාස කපුගේ,ගුණදාස කපුගේ,සුනිල් සරත් පෙරේරා,ගුණදාස කපුගේ සමග සන් ෆ්ලවර්,1998,"පසක්‌ කොට ඇති සසර දුක්‌ ගිනි
උතුම්‌ සම්බෝධිය පතා..
කෙලෙස්‌ නේරංජාව තරණය
කලේ අප මහ බො සකතකා..
පසක්‌ කොට ඇති සසර දුක්‌ ගිනි
උතුම්‌ සම්බෝධිය පනා..

නිසල බො මැඩ වෙසෙන අතරෙදි
සසල කෙරුමට අචල ගිමි සිතූ
නොයෙකඛක්‌ වෙස්‌ පෑ සිතුම්‌ සේනා
ගෙවා ඇත රුදු මාර දෙව්‌ පුතුූ..

පසක්‌ කොට ඇති...

පෙරුම්‌ දම්‌ බලයෙන්‌ මරුන්‌ බිඳ
බවුන්‌ වඩවා බුදු වු ලොව්තූරු
සහන එළියක්‌ ලෙසින්‌ මතුවින
නසා තිලොචක අවිදු ගණජදුරු..:.
පසක්‌ කොට ඇත...",කෙලෙස්‌ නේරංජාව තරණය කලේ,කෙලෙස්‌ නේරංජාව ,සියලු කෙලෙසුන්,සියලු කෙලෙසුන් සිඳ දමා 
රුවක්‌ ඇදෙනවා,"කරුණාරත්න දිවුල්ගනේ, ගුණදාස කපුගේ",ගුණදාස කපුගේ,මහින්ද දිසානායක,සඳ රෑ සිහිනේ,2010,"රුවක්‌ ඇදෙනවා කවුදො එනවා

මීවිත ඇතිරිය දෑස වසනවා

හද පොදි බැදි රුච දියකර පා කර

ඔබේ ලොවට මා..මොහොතින්‌ එනවා...

සොදුරු යොවචුන්චිය මල්‌ මඟ මුල ගිද
කිම තොල මීවිත පොඟවන්නේෙ...//
නුරා විරහ ගිනි නිවා දමන්නයි

සුරා වෙතින්‌ මාංදෙතොල තෙමන්නේ

රුචක්‌ ඇදෙනවා...//

නැගුනු නුරා ගිනි මිනි පොද වැටිලා
හතර අනින්‌ දළුලා එනවා...//
අවන්හලේ මීවිත තනිකරලා
වරෙන්‌ මලේ පියචර නගලා..

රුවක්‌ ඇදෙනවා...//",විරහ ගිනි නිවා දමන්නයි,ගිනි,දුක්,විරහ දුක් නිවා දමන්නයි 
සේද සිහින සුදු,ගුණදාස කපුගේ,ගුණදාස කපුගේ,රත්න ශ්‍රී විජේසිංහ,ඉර බට තරුව,2017,"සේද සිහින සුදු දුන්හිඳ ඔබ
උස සීත නමුණුකුළ ගිරි හිස
මම මූණ බලාගෙන මේ විදියට
මතු ජාති ජානියෙත්‌ උපදින්නද.....

නීල නුවන්‌ නිල්‌ තරු එළියට
පෙම්‌ ගීත ගයන මළ ගිරුදො මම
පාරමිතාවෙන්‌ යළි උපදින
බැස යන්නද ජීවිත පියගැටපෙළ......

මාළිගාව ළඟ පය පාමුල සුදු නෙළුමද
මම සඳකඩ පහනක නාද නගන
සඳ සඳළුව මත ඉමි
පාද සළඹ ගීයට පෙම්‌ බැඳ.......",පෙම්‌ ගීත ගයන මළ හිරුදො මම,හිරු,නොවටින පුද්ගලයා ,මම පේමය ඉල්ලන නොවටින පුද්ගලයෙක්දෝ 
සබඳ අපි කඳු නොවෙමු,ගුණදාස කපුගේ,ගුණදාස කපුගේ,දර්ශන මේඩිස්,ගුණදාස කපුගේ සමග සන් ෆ්ලවර්,1998,"සබඳ අපි කඳු නොවෙමු
උනුන්‌ පරායා නැඟෙන
සුනිල දිය දහර වෙමු
එකම ගඟකට වැටෙන...

වියරු ගිනි දැල්‌ නොවෙමු
වනය අවුලා තබන
සිහිල දෙන වැස්ස වෙමු
දැවෙන කැලයට වසින...

නපුරු ගීනය නොවෙමු
ළමුන්‌ නිදි සුව බිඳින
සොඳුරු අඞහැරය වෙමු
දනන්‌ නින්දෙන්‌ මුදන…",අපි කඳු නොවෙමු,කඳු,අපි,අපි එකිනෙකා පරදා යාමට උත්සහ නොකරමු 
සබඳ අපි කඳු නොවෙමු,ගුණදාස කපුගේ,ගුණදාස කපුගේ,දර්ශන මේඩිස්,ගුණදාස කපුගේ සමග සන් ෆ්ලවර්,1998,"සබඳ අපි කඳු නොවෙමු
උනුන්‌ පරායා නැඟෙන
සුනිල දිය දහර වෙමු
එකම ගඟකට වැටෙන...

වියරු ගිනි දැල්‌ නොවෙමු
වනය අවුලා තබන
සිහිල දෙන වැස්ස වෙමු
දැවෙන කැලයට වසින...

නපුරු ගීනය නොවෙමු
ළමුන්‌ නිදි සුව බිඳින
සොඳුරු අඞහැරය වෙමු
දනන්‌ නින්දෙන්‌ මුදන…",සුනිල දිය දහර වෙමු,සුනිල දිය දහර,අපි,අපි එකිනෙකාට සැනසීම ගෙනෙමු 
සබඳ අපි කඳු නොවෙමු,ගුණදාස කපුගේ,ගුණදාස කපුගේ,දර්ශන මේඩිස්,ගුණදාස කපුගේ සමග සන් ෆ්ලවර්,1998,"සබඳ අපි කඳු නොවෙමු
උනුන්‌ පරායා නැඟෙන
සුනිල දිය දහර වෙමු
එකම ගඟකට වැටෙන...

වියරු ගිනි දැල්‌ නොවෙමු
වනය අවුලා තබන
සිහිල දෙන වැස්ස වෙමු
දැවෙන කැලයට වසින...

නපුරු ගීනය නොවෙමු
ළමුන්‌ නිදි සුව බිඳින
සොඳුරු අඞහැරය වෙමු
දනන්‌ නින්දෙන්‌ මුදන…",වියරු ගිනි දැල්‌ නොවෙමු,වියරු ගිනි දැල්‌,අපි,අපි එකිනෙකාට කරදර කරන්නන් නොවෙමු 
සබඳ අපි කඳු නොවෙමු,ගුණදාස කපුගේ,ගුණදාස කපුගේ,දර්ශන මේඩිස්,ගුණදාස කපුගේ සමග සන් ෆ්ලවර්,1998,"සබඳ අපි කඳු නොවෙමු
උනුන්‌ පරායා නැඟෙන
සුනිල දිය දහර වෙමු
එකම ගඟකට වැටෙන...

වියරු ගිනි දැල්‌ නොවෙමු
වනය අවුලා තබන
සිහිල දෙන වැස්ස වෙමු
දැවෙන කැලයට වසින...

නපුරු ගීනය නොවෙමු
ළමුන්‌ නිදි සුව බිඳින
සොඳුරු අඞහැරය වෙමු
දනන්‌ නින්දෙන්‌ මුදන…",සිහිල දෙන වැස්ස වෙමු,වැස්ස,අපි,අපි එකිනෙකාට සැනසීම ගෙනෙමු 
සෙනෙහෙ සිතින්‌,ගුණදාස කපුගේ,ගුණදාස කපුගේ,කුලරත්න ආරියවංශ,උන්මාද සිතුවම්‌,2017,"සෙනෙහෙ සිතින්‌ සැනසිල්ලෙන්‌ සිතුවිල්ලෙන්‌
චෙමිනි එකම මවකගෙ දරුවන්‌
නුවන්‌ පියෙන තුරා ඉඳිමු .අපි හසරැල්ලෙන්‌

එකම අභසකිනි කාටත්‌ සෙවණ සදන්නේ
පොළොව සැවොම සම සිතකිනි උසුලා ඉන්නේ
එවන්‌ පොළව මැද යුද වැද උරුම සොයන්නේ
තරඟ වැදී නොමිනිස්කම්‌ ඇයි මිනිසුන්නේ

බෙදුම්‌ පවුරු සීමා මැද පිල්‌ බැඳගන්නේ

තමන්‌ සුව පතා අනුනට තැවුල්‌ සදන්නේ
කෙනෙක්‌ නසන මං සළසා කෙනෙක්‌ දිනන්නේ
ජීවත්‌ චෙන ටික ඇයි මේ. සටන්‌ වඳින්නේ
",චෙමිනි එකම මවකගෙ දරුවන්‌,එකම මවකගෙ දරුවන්‌,එකමුතු කම,සහෝදරයන් සී එකමුතුව ඉමු 
සිංහල සින්දු කියන ,ගුණදාස කපුගේ,ගුණදාස කපුගේ,රත්න ශ්‍රී විජේසිංහ,සිව් සිත් ගී,2014,"සිංහල සිත්දු කියත
තළලේ තිලක නියත කිරීල්ලී
තූඩිත්‌ හදවතක්‌ අරගෙත
ගිතිගන්‌ තල්‌ අරඹට ආවාදථෝ ඉගිල්ලී

දිව නුහුරු බසිත්‌ පෙම්‌ කවි කී
කුරුල්ලාට ඵවශ්ී වී
ගිති මලිත්‌ නැතූ මල්‌ පොකුරක්‌
අතට ගත්ත මතාලී

මධු සමේ මධුර කටු අනරේ
පිඵජී වැතුත සුරූපී
ගිති අවිත්‌ එක්ක පෙමිත්‌ බැඳුත
විහහ සෙතග අඬාවී

එ කඳුළැ සිංහලට තගත්ත
තුඹට හැකය ප්‍රියාවී
ආදරය නුඹට බාරයි
රුකගතත්‌ දේචතාවී",ගිනි මලින් තනු මල් පොකුරක් ,ගිනි මල,දුක් ,සතුටක් වෙඉ කියා සිත උරුම කරගත් දුක් සහගත ජීවිතය 
සිංහල සින්දු කියන ,ගුණදාස කපුගේ,ගුණදාස කපුගේ,රත්න ශ්‍රී විජේසිංහ,සිව් සිත් ගී,2014,"සිංහල සිත්දු කියත
තළලේ තිලක නියත කිරීල්ලී
තූඩිත්‌ හදවතක්‌ අරගෙත
ගිතිගන්‌ තල්‌ අරඹට ආවාදථෝ ඉගිල්ලී

දිව නුහුරු බසිත්‌ පෙම්‌ කවි කී
කුරුල්ලාට ඵවශ්ී වී
ගිති මලිත්‌ නැතූ මල්‌ පොකුරක්‌
අතට ගත්ත මතාලී

මධු සමේ මධුර කටු අනරේ
පිඵජී වැතුත සුරූපී
ගිති අවිත්‌ එක්ක පෙමිත්‌ බැඳුත
විහහ සෙතග අඬාවී

එ කඳුළැ සිංහලට තගත්ත
තුඹට හැකය ප්‍රියාවී
ආදරය නුඹට බාරයි
රුකගතත්‌ දේචතාවී",නළලේ තිළක තියන කිරිල්ලි,කිරිල්ලි,තරුණිය,දමිල තරුණිය  
සොඳුර නුඹ ලිහිණියක,ගුණදාස කපුගේ,ගුණදාස කපුගේ,සුනිල් ආර්.ගමගේ,පිය සටහන්,1990,"සොඳුර නුඹ ලිහිණියක රැයේ අඳුරට හඬන
මමද ලිහිණියෙකු වෙමි කැඩුනු තටු පිරි මදින

අහිංසක අප දෙදෙනෙ තටු කඩා මේ ලෙසින
සිදීගිය ගභ දෑල හැර දැමූවේ කව්ද

සඳට දොස්‌ නොකියන්න සඳල කුමක්‌ කරන්නද
බාල චයසින්‌ මැරුණ ප්‍රේමයකි තරු එළිය

සොඳුර නුඹ...//

කටුක දුක්‌ විරහ මැද අතරමං වී ගියද

අපි තවම පෙම්‌ කරමු අපේ ජීවිත වලට
කියා දෙමු පියඹන්ට අපි අපේ පැටවුන්ට
නිදහසේ තටු ලැබුණ කුරුල්ලන්‌ වී දිනෙක

සොඳුර නුඹ...//",අප දෙදෙනෙ තටු කඩා,තටු,නිදහස,අප දෙදෙනාගේ නිදහස නැති කර 
සුදු නැන්දා ඇයි,ගුණදාස කපුගේ,ගුණදාස කපුගේ,නොදනී,නොදනී,නොදනී,"සුදු නැන්දා ඇයි ගෙයි දොර වැහුවේ
මාමණ්ඩි මට ඇයි මහඟහැරියේ

හීන්‌ හඬට ඉකි බිඳුම්‌ ඇහෙන්නේ
(ගීන්‌ නඟා ඇයි ගේ මුල්ලේ...//)

වෙනදා ඉදිකඩ අද මට හරස්‌ වෙලා
චවයිරා' දොරකඩ නොබලයි ඉව අල්ලා
රිදී පොටක්‌ හංගාගෙන ආචා

(හීන්‌ නගේ නුඹ නෑ දන්නෙ....//)

සුදු නැන්දා ඇයි ගෙයි දොර....

තටු පොරවා ගෙන සැළයා කූඩුවෙලා
කනප්පුවෙන්‌ පැන හෙප්පුව බිම වැටිලා
පහන්‌ පැළට අද පරමල්‌ වැඩලා

(ගලේ විහාරෙත්‌ ගොලුවීලා...//)

සුදු නැන්දා ඇයි ගෙයි දොර....",පහන්‌ පැළට අද පරමල්‌ වැඩලා,පහන්‌,සතුට  ,සතුටින් සිටි ජීවිතයට අද දුකක් උරුම වෙලා
සුදු නැන්දා ඇයි,ගුණදාස කපුගේ,ගුණදාස කපුගේ,නොදනී,නොදනී,නොදනී,"සුදු නැන්දා ඇයි ගෙයි දොර වැහුවේ
මාමණ්ඩි මට ඇයි මහඟහැරියේ

හීන්‌ හඬට ඉකි බිඳුම්‌ ඇහෙන්නේ
(ගීන්‌ නඟා ඇයි ගේ මුල්ලේ...//)

වෙනදා ඉදිකඩ අද මට හරස්‌ වෙලා
චවයිරා' දොරකඩ නොබලයි ඉව අල්ලා
රිදී පොටක්‌ හංගාගෙන ආචා

(හීන්‌ නගේ නුඹ නෑ දන්නෙ....//)

සුදු නැන්දා ඇයි ගෙයි දොර....

තටු පොරවා ගෙන සැළයා කූඩුවෙලා
කනප්පුවෙන්‌ පැන හෙප්පුව බිම වැටිලා
පහන්‌ පැළට අද පරමල්‌ වැඩලා

(ගලේ විහාරෙත්‌ ගොලුවීලා...//)

සුදු නැන්දා ඇයි ගෙයි දොර....",පහන්‌ පැළට අද පරමල්‌ වැඩලා,පැළ,ජීවිතය,සතුටින් සිටි ජීවිතයට අද දුකක් උරුම වෙලා
සුදු නැන්දා ඇයි,ගුණදාස කපුගේ,ගුණදාස කපුගේ,නොදනී,නොදනී,නොදනී,"සුදු නැන්දා ඇයි ගෙයි දොර වැහුවේ
මාමණ්ඩි මට ඇයි මහඟහැරියේ

හීන්‌ හඬට ඉකි බිඳුම්‌ ඇහෙන්නේ
(ගීන්‌ නඟා ඇයි ගේ මුල්ලේ...//)

වෙනදා ඉදිකඩ අද මට හරස්‌ වෙලා
චවයිරා' දොරකඩ නොබලයි ඉව අල්ලා
රිදී පොටක්‌ හංගාගෙන ආචා

(හීන්‌ නගේ නුඹ නෑ දන්නෙ....//)

සුදු නැන්දා ඇයි ගෙයි දොර....

තටු පොරවා ගෙන සැළයා කූඩුවෙලා
කනප්පුවෙන්‌ පැන හෙප්පුව බිම වැටිලා
පහන්‌ පැළට අද පරමල්‌ වැඩලා

(ගලේ විහාරෙත්‌ ගොලුවීලා...//)

සුදු නැන්දා ඇයි ගෙයි දොර....",පහන්‌ පැළට අද පරමල්‌ වැඩලා,පරමල්‌,දුක,සතුටින් සිටි ජීවිතයට අද දුකක් උරුම වෙලා
උන්මාද සිතුවම්‌,ගුණදාස කපුගේ,සරත් දසනායක,සුනිල් ආරියරත්න,උන්මාද සිතුවම්‌,2017,"උන්මාද සිතුවම්‌ මැවේ බිඳේ
මීදුම්‌ වලාං'මැද අනීතයේ
බිඳුනු පෙමින්‌ ගිනිගත්‌ හදවන්‌
තනිවේවි එක්ටැම්‌ ගේ

අනන්ත සයුරේ බියකරු දිවි දියඹේ
පාළු හුදෙකලා සුළඟ පමණි උරුමේ
හඬා වැටෙන සිත සදා සරණ මට
තනිවේවී එක්ටැම්‌ ගේ

උන්මාද සිතුවම්‌....

දහසක්‌ මල්‌ මැද එකම මලයි පැතූවේ
එමල කිමද සරදම්‌ කර සැඟව ගියේ
දැනේ තවම මට මලේ සුවඳ පොද
තනිවේවී එක්ටැම්‌ ගේ

උන්මාද සිතුචම්‌....
(තනිවේවි එක්ටැම්‌ ගේ...///7)",බිඳුනු පෙමින්‌ ගිනිගත්‌ හදවන්‌,ගිනිගත්‌,කලබල වූ,බිදුණු ආදරයෙන් කලබල වූ හදවත 
තරු රැන රිදී පාට පාට ,ගුණදාස කපුගේ,එච්.එම්.ජයවර්ධන,කුලරත්න ආරියවංශ,ගුණදාස කපුගේ සමග සන් ෆ්ලවර්,1998,"තරු රැන රිදී පාට පාට පාවි දිලි ඈත මෑත
නීල වලා යාය සිසාරා

සඳ පාන මුචාවී බලාවි සීත පවන්‌ ගී ගයාචි
පාළු රැයේ මාංතනිවෙලා

ඈත පිපී රෑ කුසුමන්‌ සුවඳ ගලාලා
පාළු මගේ පැල සරසා මෑත ඇදීලා
සිහින රැයේ ඈ හිනැහේ ඈත රැදඳීලා
දෑස ඇගේ මා කලඹයි සීත දැනීලා

තරු රැන රිදී ....

මා තනිවූ තනි පැදුරේ අඳුර නිවාලා

දෑස මුදා නිදි දැහැනින්‌ හැඟුම්‌ දවාලා

මං නොපෙලා තවම දිලේ කැළුම්‌ නිවාලා
බාල සඳේ මා හැරයන්‌ ඈත බලාලා

තරු රැන රිදී ....",තනි පැදුරේ අඳුර නිවාලා,පැදුර,ජීවිතය,පාලු ජීවිතේ දුක නැති කර 
තරු රැන රිදී පාට පාට ,ගුණදාස කපුගේ,එච්.එම්.ජයවර්ධන,කුලරත්න ආරියවංශ,ගුණදාස කපුගේ සමග සන් ෆ්ලවර්,1998,"තරු රැන රිදී පාට පාට පාවි දිලි ඈත මෑත
නීල වලා යාය සිසාරා

සඳ පාන මුචාවී බලාවි සීත පවන්‌ ගී ගයාචි
පාළු රැයේ මාංතනිවෙලා

ඈත පිපී රෑ කුසුමන්‌ සුවඳ ගලාලා
පාළු මගේ පැල සරසා මෑත ඇදීලා
සිහින රැයේ ඈ හිනැහේ ඈත රැදඳීලා
දෑස ඇගේ මා කලඹයි සීත දැනීලා

තරු රැන රිදී ....

මා තනිවූ තනි පැදුරේ අඳුර නිවාලා

දෑස මුදා නිදි දැහැනින්‌ හැඟුම්‌ දවාලා

මං නොපෙලා තවම දිලේ කැළුම්‌ නිවාලා
බාල සඳේ මා හැරයන්‌ ඈත බලාලා

තරු රැන රිදී ....",තනි පැදුරේ අඳුර නිවාලා,අඳුර,දුක,පාලු ජීවිතේ දුක නැති කර 
විදුලි මිණි පහන්‌,ගුණදාස කපුගේ,ගුණදාස කපුගේ,ලූෂන් බුලත්සිංහල සහ ගුණදාස කපුගේ,ගුණදාස කපුගේ වෙළුම.01,1999,"විදුලි මිණි පහන්‌ දැවී
බොළඳ ඨී සිනා රැලි
නිලංකාර අළුරේ සිර වී
සැඳෑ සාදයේ

කුරා කුහුඹු මිනිසා වෙමි මා
ඔබේ මන්දිරේ //

එන්න කන්න බොන්න මිහිරේ
සැමටයි ආරාධනා

ඔබේ හඬ කිදී සිඳී යයි

කනා සරිත්‌ සාගරේ //

පුරාගෙන පිරූ හිතේ
විසුඵ කෙලි නැටුම්‌ සිනා
යොමා ඇස බලන්‌ යලි
සොළුරේ මැදුරු දොර දිහා

දෙන්න කන්න බොන්න නොකියා
දෙනෙනින්‌ ආරාධනා
දෑත පා ඉඳුල්‌ යදී ඇස්‌

ගයා හංස ගීතිකා //

ඔබේ මන්දිරෙන්‌ එහා

මගේ ලොව බලා ගිඳී

පලා යයි ඔබේ ලොවෙන්‌ මා
දෙපා සමු නොදී",කුරා කුහුඹු මිනිසා වෙමි මා ඔබේ මන්දිරේ,කුරා කුහුඹු,නොවැදගත්,ඔබේ ජීවිතේ සිටින නොවැදගත් පුද්ගලයා මම වෙමි 
විදුලි මිණි පහන්‌,ගුණදාස කපුගේ,ගුණදාස කපුගේ,ලූෂන් බුලත්සිංහල සහ ගුණදාස කපුගේ,ගුණදාස කපුගේ වෙළුම.01,1999,"විදුලි මිණි පහන්‌ දැවී
බොළඳ ඨී සිනා රැලි
නිලංකාර අළුරේ සිර වී
සැඳෑ සාදයේ

කුරා කුහුඹු මිනිසා වෙමි මා
ඔබේ මන්දිරේ //

එන්න කන්න බොන්න මිහිරේ
සැමටයි ආරාධනා

ඔබේ හඬ කිදී සිඳී යයි

කනා සරිත්‌ සාගරේ //

පුරාගෙන පිරූ හිතේ
විසුඵ කෙලි නැටුම්‌ සිනා
යොමා ඇස බලන්‌ යලි
සොළුරේ මැදුරු දොර දිහා

දෙන්න කන්න බොන්න නොකියා
දෙනෙනින්‌ ආරාධනා
දෑත පා ඉඳුල්‌ යදී ඇස්‌

ගයා හංස ගීතිකා //

ඔබේ මන්දිරෙන්‌ එහා

මගේ ලොව බලා ගිඳී

පලා යයි ඔබේ ලොවෙන්‌ මා
දෙපා සමු නොදී",කුරා කුහුඹු මිනිසා වෙමි මා ඔබේ මන්දිරේ,මන්දිරය,ජීවිතය,ඔබේ ජීවිතේ සිටින නොවැදගත් පුද්ගලයා මම වෙමි 
